label	tau_c	m	is_reused	source_tau_c	source_tau_idx
tau20	20.0	2	False	None	None
tau20	20.0	4	False	None	None
tau20	20.0	8	False	None	None
tau20	20.0	12	False	None	None
tau20	20.0	16	False	None	None
tau20	20.0	24	False	None	None
tau20	20.0	32	False	None	None
tau20	20.0	48	False	None	None
tau20	20.0	64	False	None	None
tau20	20.0	96	False	None	None
tau20	20.0	128	False	None	None
tau20	20.0	192	False	None	None
tau20	20.0	256	False	None	None
tau20	20.0	384	False	None	None
tau20	20.0	512	False	None	None
tau20	20.0	768	False	None	None
tau20	20.0	1024	False	None	None
tau40	40.0	2	False	None	None
tau40	40.0	4	False	None	None
tau40	40.0	8	False	None	None
tau40	40.0	12	False	None	None
tau40	40.0	16	False	None	None
tau40	40.0	24	False	None	None
tau40	40.0	32	False	None	None
tau40	40.0	48	False	None	None
tau40	40.0	64	False	None	None
tau40	40.0	96	False	None	None
tau40	40.0	128	False	None	None
tau40	40.0	192	False	None	None
tau40	40.0	256	False	None	None
tau40	40.0	384	False	None	None
tau40	40.0	512	False	None	None
tau40	40.0	768	False	None	None
tau40	40.0	1024	False	None	None
tau60	60.0	2	False	None	None
tau60	60.0	4	False	None	None
tau60	60.0	8	False	None	None
tau60	60.0	12	False	None	None
tau60	60.0	16	False	None	None
tau60	60.0	24	False	None	None
tau60	60.0	32	False	None	None
tau60	60.0	48	False	None	None
tau60	60.0	64	False	None	None
tau60	60.0	96	False	None	None
tau60	60.0	128	False	None	None
tau60	60.0	192	False	None	None
tau60	60.0	256	False	None	None
tau60	60.0	384	False	None	None
tau60	60.0	512	False	None	None
tau60	60.0	768	False	None	None
tau60	60.0	1024	False	None	None
tau80	80.0	2	False	None	None
tau80	80.0	4	False	None	None
tau80	80.0	8	False	None	None
tau80	80.0	12	False	None	None
tau80	80.0	16	False	None	None
tau80	80.0	24	False	None	None
tau80	80.0	32	False	None	None
tau80	80.0	48	False	None	None
tau80	80.0	64	False	None	None
tau80	80.0	96	False	None	None
tau80	80.0	128	False	None	None
tau80	80.0	192	False	None	None
tau80	80.0	256	False	None	None
tau80	80.0	384	False	None	None
tau80	80.0	512	False	None	None
tau80	80.0	768	False	None	None
tau80	80.0	1024	False	None	None
tau120	120.0	2	False	None	None
tau120	120.0	4	False	None	None
tau120	120.0	8	False	None	None
tau120	120.0	12	False	None	None
tau120	120.0	16	False	None	None
tau120	120.0	24	False	None	None
tau120	120.0	32	False	None	None
tau120	120.0	48	False	None	None
tau120	120.0	64	False	None	None
tau120	120.0	96	False	None	None
tau120	120.0	128	False	None	None
tau120	120.0	192	False	None	None
tau120	120.0	256	False	None	None
tau120	120.0	384	False	None	None
tau120	120.0	512	False	None	None
tau120	120.0	768	False	None	None
tau120	120.0	1024	False	None	None
tau200	200.0	2	False	None	None
tau200	200.0	4	False	None	None
tau200	200.0	8	False	None	None
tau200	200.0	12	False	None	None
tau200	200.0	16	False	None	None
tau200	200.0	24	False	None	None
tau200	200.0	32	False	None	None
tau200	200.0	48	False	None	None
tau200	200.0	64	False	None	None
tau200	200.0	96	False	None	None
tau200	200.0	128	False	None	None
tau200	200.0	192	False	None	None
tau200	200.0	256	False	None	None
tau200	200.0	384	False	None	None
tau200	200.0	512	False	None	None
tau200	200.0	768	False	None	None
tau200	200.0	1024	False	None	None
tau400	400.0	2	True	200.0	5
tau400	400.0	4	False	None	None
tau400	400.0	8	False	None	None
tau400	400.0	12	False	None	None
tau400	400.0	16	False	None	None
tau400	400.0	24	False	None	None
tau400	400.0	32	False	None	None
tau400	400.0	48	False	None	None
tau400	400.0	64	False	None	None
tau400	400.0	96	False	None	None
tau400	400.0	128	False	None	None
tau400	400.0	192	False	None	None
tau400	400.0	256	False	None	None
tau400	400.0	384	False	None	None
tau400	400.0	512	False	None	None
tau400	400.0	768	False	None	None
tau400	400.0	1024	False	None	None
tau800	800.0	2	True	200.0	5
tau800	800.0	4	True	400.0	6
tau800	800.0	8	False	None	None
tau800	800.0	12	False	None	None
tau800	800.0	16	False	None	None
tau800	800.0	24	False	None	None
tau800	800.0	32	False	None	None
tau800	800.0	48	False	None	None
tau800	800.0	64	False	None	None
tau800	800.0	96	False	None	None
tau800	800.0	128	False	None	None
tau800	800.0	192	False	None	None
tau800	800.0	256	False	None	None
tau800	800.0	384	False	None	None
tau800	800.0	512	False	None	None
tau800	800.0	768	False	None	None
tau800	800.0	1024	False	None	None
tau1200	1200.0	2	True	200.0	5
tau1200	1200.0	4	True	400.0	6
tau1200	1200.0	8	True	800.0	7
tau1200	1200.0	12	True	800.0	7
tau1200	1200.0	16	True	800.0	7
tau1200	1200.0	24	False	None	None
tau1200	1200.0	32	False	None	None
tau1200	1200.0	48	False	None	None
tau1200	1200.0	64	False	None	None
tau1200	1200.0	96	False	None	None
tau1200	1200.0	128	False	None	None
tau1200	1200.0	192	False	None	None
tau1200	1200.0	256	False	None	None
tau1200	1200.0	384	False	None	None
tau1200	1200.0	512	False	None	None
tau1200	1200.0	768	False	None	None
tau1200	1200.0	1024	False	None	None
tau2400	2400.0	2	True	200.0	5
tau2400	2400.0	4	True	400.0	6
tau2400	2400.0	8	True	800.0	7
tau2400	2400.0	12	True	800.0	7
tau2400	2400.0	16	True	800.0	7
tau2400	2400.0	24	False	None	None
tau2400	2400.0	32	False	None	None
tau2400	2400.0	48	False	None	None
tau2400	2400.0	64	False	None	None
tau2400	2400.0	96	False	None	None
tau2400	2400.0	128	False	None	None
tau2400	2400.0	192	False	None	None
tau2400	2400.0	256	False	None	None
tau2400	2400.0	384	False	None	None
tau2400	2400.0	512	False	None	None
tau2400	2400.0	768	False	None	None
tau2400	2400.0	1024	False	None	None
tau5000	5000.0	2	True	200.0	5
tau5000	5000.0	4	True	400.0	6
tau5000	5000.0	8	True	800.0	7
tau5000	5000.0	12	True	800.0	7
tau5000	5000.0	16	True	800.0	7
tau5000	5000.0	24	True	2400.0	9
tau5000	5000.0	32	True	2400.0	9
tau5000	5000.0	48	True	2400.0	9
tau5000	5000.0	64	False	None	None
tau5000	5000.0	96	False	None	None
tau5000	5000.0	128	False	None	None
tau5000	5000.0	192	False	None	None
tau5000	5000.0	256	False	None	None
tau5000	5000.0	384	False	None	None
tau5000	5000.0	512	False	None	None
tau5000	5000.0	768	False	None	None
tau5000	5000.0	1024	False	None	None
tau8000	8000.0	2	True	200.0	5
tau8000	8000.0	4	True	400.0	6
tau8000	8000.0	8	True	800.0	7
tau8000	8000.0	12	True	800.0	7
tau8000	8000.0	16	True	800.0	7
tau8000	8000.0	24	True	2400.0	9
tau8000	8000.0	32	True	2400.0	9
tau8000	8000.0	48	True	2400.0	9
tau8000	8000.0	64	True	5000.0	10
tau8000	8000.0	96	True	5000.0	10
tau8000	8000.0	128	False	None	None
tau8000	8000.0	192	False	None	None
tau8000	8000.0	256	False	None	None
tau8000	8000.0	384	False	None	None
tau8000	8000.0	512	False	None	None
tau8000	8000.0	768	False	None	None
tau8000	8000.0	1024	False	None	None
tau20000	20000.0	2	True	200.0	5
tau20000	20000.0	4	True	400.0	6
tau20000	20000.0	8	True	800.0	7
tau20000	20000.0	12	True	800.0	7
tau20000	20000.0	16	True	800.0	7
tau20000	20000.0	24	True	2400.0	9
tau20000	20000.0	32	True	2400.0	9
tau20000	20000.0	48	True	2400.0	9
tau20000	20000.0	64	True	5000.0	10
tau20000	20000.0	96	True	5000.0	10
tau20000	20000.0	128	True	8000.0	11
tau20000	20000.0	192	False	None	None
tau20000	20000.0	256	False	None	None
tau20000	20000.0	384	False	None	None
tau20000	20000.0	512	False	None	None
tau20000	20000.0	768	False	None	None
tau20000	20000.0	1024	False	None	None
tau40000	40000.0	2	True	200.0	5
tau40000	40000.0	4	True	400.0	6
tau40000	40000.0	8	True	800.0	7
tau40000	40000.0	12	True	800.0	7
tau40000	40000.0	16	True	800.0	7
tau40000	40000.0	24	True	2400.0	9
tau40000	40000.0	32	True	2400.0	9
tau40000	40000.0	48	True	2400.0	9
tau40000	40000.0	64	True	5000.0	10
tau40000	40000.0	96	True	5000.0	10
tau40000	40000.0	128	True	8000.0	11
tau40000	40000.0	192	True	20000.0	12
tau40000	40000.0	256	True	20000.0	12
tau40000	40000.0	384	True	20000.0	12
tau40000	40000.0	512	False	None	None
tau40000	40000.0	768	False	None	None
tau40000	40000.0	1024	False	None	None
