tau_c	metric	value
20.0	fidelity1	0.7817339897
20.0	fidelity1	0.7685718536
20.0	fidelity1	0.7775596380
20.0	fidelity1	0.7811511755
20.0	fidelity1	0.7782748938
20.0	fidelity1	0.7409815788
20.0	fidelity1	0.7670916915
20.0	fidelity1	0.7806930542
20.0	fidelity1	0.7800157070
20.0	fidelity1	0.7597362399
20.0	fidelity1	0.6970872283
20.0	fidelity1	0.7711741924
20.0	fidelity1	0.6757105589
20.0	fidelity1	0.7668597102
20.0	fidelity1	0.7215440273
20.0	fidelity1	0.7789394855
20.0	fidelity1	0.7391223907
20.0	fidelity1	0.7807558775
20.0	fidelity1	0.7320491672
20.0	fidelity1	0.7647652030
20.0	fidelity1	0.7551105022
20.0	fidelity1	0.7711887360
20.0	fidelity1	0.7194989920
20.0	fidelity1	0.7803910971
20.0	fidelity1	0.7770088911
20.0	fidelity1	0.7795893550
20.0	fidelity1	0.7816962600
20.0	fidelity1	0.7507488728
20.0	fidelity1	0.7128823996
20.0	fidelity1	0.7710204124
20.0	fidelity1	0.7817544937
20.0	fidelity1	0.7600259781
20.0	fidelity1	0.7809866667
20.0	fidelity1	0.7810873985
20.0	fidelity1	0.7743253708
20.0	fidelity1	0.7509346008
20.0	fidelity1	0.7811578512
20.0	fidelity1	0.7758023143
20.0	fidelity1	0.7813708186
20.0	fidelity1	0.7772600055
20.0	fidelity1	0.7801935673
20.0	fidelity1	0.7811894417
20.0	fidelity1	0.7403954268
20.0	fidelity1	0.7430161238
20.0	fidelity1	0.7682635784
20.0	fidelity1	0.7776677012
20.0	fidelity1	0.7813692093
20.0	fidelity1	0.7199847102
20.0	fidelity1	0.7790764570
20.0	fidelity1	0.7487014532
20.0	fidelity1	0.7133828402
20.0	fidelity1	0.7534561157
20.0	fidelity1	0.7795974612
20.0	fidelity1	0.7472649813
20.0	fidelity1	0.7816835642
20.0	fidelity1	0.7817543745
20.0	fidelity1	0.7713584304
20.0	fidelity1	0.7817010880
20.0	fidelity1	0.7794555426
20.0	fidelity1	0.7406591177
20.0	fidelity1	0.6981805563
20.0	fidelity1	0.7805959582
20.0	fidelity1	0.7272266150
20.0	fidelity1	0.7808882594
20.0	fidelity1	0.7723220587
20.0	fidelity1	0.7548680305
20.0	fidelity1	0.7689229846
20.0	fidelity1	0.7816357613
20.0	fidelity1	0.7598568797
20.0	fidelity1	0.7575587034
20.0	fidelity1	0.7699937820
20.0	fidelity1	0.7812595367
20.0	fidelity1	0.7813534737
20.0	fidelity1	0.7805945277
20.0	fidelity1	0.7806782722
20.0	fidelity1	0.7806720734
20.0	fidelity1	0.7387129068
20.0	fidelity1	0.6937509775
20.0	fidelity1	0.6709284186
20.0	fidelity1	0.7756118774
20.0	fidelity1	0.7783441544
20.0	fidelity1	0.7662587166
20.0	fidelity1	0.7796651125
20.0	fidelity1	0.7789219618
20.0	fidelity1	0.7814655304
20.0	fidelity1	0.7295414209
20.0	fidelity1	0.7146492004
20.0	fidelity1	0.7789850235
20.0	fidelity1	0.7688927650
20.0	fidelity1	0.7581192851
20.0	fidelity1	0.7448391914
20.0	fidelity1	0.7596243620
20.0	fidelity1	0.7383613586
20.0	fidelity1	0.7666852474
20.0	fidelity1	0.7733587623
20.0	fidelity1	0.7484784126
20.0	fidelity1	0.7571114302
20.0	fidelity1	0.7804310322
20.0	fidelity1	0.7806400657
20.0	fidelity1	0.7815718651
20.0	trace_distance	0.3274184465
20.0	trace_distance	0.3562949002
20.0	trace_distance	0.3368446231
20.0	trace_distance	0.3287509382
20.0	trace_distance	0.3352482319
20.0	trace_distance	0.4102824330
20.0	trace_distance	0.3593969345
20.0	trace_distance	0.3297938108
20.0	trace_distance	0.3313306570
20.0	trace_distance	0.3744320571
20.0	trace_distance	0.4839140773
20.0	trace_distance	0.3507741392
20.0	trace_distance	0.5159825683
20.0	trace_distance	0.3598809540
20.0	trace_distance	0.4443958700
20.0	trace_distance	0.3337584138
20.0	trace_distance	0.4136667252
20.0	trace_distance	0.3296512961
20.0	trace_distance	0.4262983799
20.0	trace_distance	0.3642195761
20.0	trace_distance	0.3835859001
20.0	trace_distance	0.3507429361
20.0	trace_distance	0.4478338361
20.0	trace_distance	0.3304801583
20.0	trace_distance	0.3380689025
20.0	trace_distance	0.3322946727
20.0	trace_distance	0.3275047541
20.0	trace_distance	0.3920209408
20.0	trace_distance	0.4587812424
20.0	trace_distance	0.3511028290
20.0	trace_distance	0.3273713291
20.0	trace_distance	0.3738510609
20.0	trace_distance	0.3291259408
20.0	trace_distance	0.3288960159
20.0	trace_distance	0.3439705670
20.0	trace_distance	0.3916655183
20.0	trace_distance	0.3287357688
20.0	trace_distance	0.3407348096
20.0	trace_distance	0.3282491863
20.0	trace_distance	0.3375113606
20.0	trace_distance	0.3309280872
20.0	trace_distance	0.3286632895
20.0	trace_distance	0.4113523066
20.0	trace_distance	0.4065459371
20.0	trace_distance	0.3569428921
20.0	trace_distance	0.3366040587
20.0	trace_distance	0.3282528222
20.0	trace_distance	0.4470196366
20.0	trace_distance	0.3334504068
20.0	trace_distance	0.3959186077
20.0	trace_distance	0.4579623938
20.0	trace_distance	0.3868069053
20.0	trace_distance	0.3322764337
20.0	trace_distance	0.3986306787
20.0	trace_distance	0.3275339007
20.0	trace_distance	0.3273714185
20.0	trace_distance	0.3503799140
20.0	trace_distance	0.3274938464
20.0	trace_distance	0.3325965106
20.0	trace_distance	0.4108709693
20.0	trace_distance	0.4822165966
20.0	trace_distance	0.3300148845
20.0	trace_distance	0.4346996248
20.0	trace_distance	0.3293499351
20.0	trace_distance	0.3483110964
20.0	trace_distance	0.3840593994
20.0	trace_distance	0.3555549383
20.0	trace_distance	0.3276431262
20.0	trace_distance	0.3741903901
20.0	trace_distance	0.3787689507
20.0	trace_distance	0.3532890081
20.0	trace_distance	0.3285031915
20.0	trace_distance	0.3282889724
20.0	trace_distance	0.3300178647
20.0	trace_distance	0.3298277855
20.0	trace_distance	0.3298421204
20.0	trace_distance	0.4144083858
20.0	trace_distance	0.4890575707
20.0	trace_distance	0.5228872895
20.0	trace_distance	0.3411538601
20.0	trace_distance	0.3350931704
20.0	trace_distance	0.3611311316
20.0	trace_distance	0.3321238160
20.0	trace_distance	0.3337976336
20.0	trace_distance	0.3280327916
20.0	trace_distance	0.4306873679
20.0	trace_distance	0.4558835030
20.0	trace_distance	0.3336560130
20.0	trace_distance	0.3556185067
20.0	trace_distance	0.3776573241
20.0	trace_distance	0.4031686485
20.0	trace_distance	0.3746560812
20.0	trace_distance	0.4150441587
20.0	trace_distance	0.3602441549
20.0	trace_distance	0.3460716605
20.0	trace_distance	0.3963407874
20.0	trace_distance	0.3796532452
20.0	trace_distance	0.3303896487
20.0	trace_distance	0.3299144506
20.0	trace_distance	0.3277892172
40.0	fidelity1	0.7807270885
40.0	fidelity1	0.7745792270
40.0	fidelity1	0.7812219858
40.0	fidelity1	0.7816013098
40.0	fidelity1	0.7388708591
40.0	fidelity1	0.7805658579
40.0	fidelity1	0.7734724879
40.0	fidelity1	0.7753197551
40.0	fidelity1	0.7269551158
40.0	fidelity1	0.7815666199
40.0	fidelity1	0.7445470691
40.0	fidelity1	0.7800382376
40.0	fidelity1	0.7765021324
40.0	fidelity1	0.7360382080
40.0	fidelity1	0.7638671398
40.0	fidelity1	0.7769886255
40.0	fidelity1	0.6828662753
40.0	fidelity1	0.7247301936
40.0	fidelity1	0.7760446072
40.0	fidelity1	0.7809251547
40.0	fidelity1	0.7434265614
40.0	fidelity1	0.7817394137
40.0	fidelity1	0.7656607628
40.0	fidelity1	0.7788940668
40.0	fidelity1	0.7607066631
40.0	fidelity1	0.7778241038
40.0	fidelity1	0.7278122306
40.0	fidelity1	0.7811864614
40.0	fidelity1	0.7634930611
40.0	fidelity1	0.7650660276
40.0	fidelity1	0.7673128843
40.0	fidelity1	0.7501125336
40.0	fidelity1	0.7805676460
40.0	fidelity1	0.7726539373
40.0	fidelity1	0.7705435753
40.0	fidelity1	0.7785608172
40.0	fidelity1	0.7724199295
40.0	fidelity1	0.6443176270
40.0	fidelity1	0.7756683826
40.0	fidelity1	0.7810395956
40.0	fidelity1	0.7517861128
40.0	fidelity1	0.7529854774
40.0	fidelity1	0.7772464752
40.0	fidelity1	0.7744752765
40.0	fidelity1	0.7813572884
40.0	fidelity1	0.7812167406
40.0	fidelity1	0.7396088839
40.0	fidelity1	0.7656259537
40.0	fidelity1	0.7789785862
40.0	fidelity1	0.7684386969
40.0	fidelity1	0.7538890839
40.0	fidelity1	0.7665411234
40.0	fidelity1	0.7438195944
40.0	fidelity1	0.7497646213
40.0	fidelity1	0.7747454643
40.0	fidelity1	0.7532984614
40.0	fidelity1	0.7452391386
40.0	fidelity1	0.7684368491
40.0	fidelity1	0.7547386885
40.0	fidelity1	0.7719095945
40.0	fidelity1	0.7714921832
40.0	fidelity1	0.7817322016
40.0	fidelity1	0.7611465454
40.0	fidelity1	0.7805581093
40.0	fidelity1	0.7777549624
40.0	fidelity1	0.7768682837
40.0	fidelity1	0.7816785574
40.0	fidelity1	0.7625226974
40.0	fidelity1	0.7706755400
40.0	fidelity1	0.7360011935
40.0	fidelity1	0.7235727310
40.0	fidelity1	0.7784470320
40.0	fidelity1	0.7458782196
40.0	fidelity1	0.7611540556
40.0	fidelity1	0.7571384311
40.0	fidelity1	0.7659192085
40.0	fidelity1	0.7702207565
40.0	fidelity1	0.7525596619
40.0	fidelity1	0.7687635422
40.0	fidelity1	0.7787221670
40.0	fidelity1	0.7763428688
40.0	fidelity1	0.7814974785
40.0	fidelity1	0.7236746550
40.0	fidelity1	0.7496725321
40.0	fidelity1	0.7540688515
40.0	fidelity1	0.7799155116
40.0	fidelity1	0.7766528130
40.0	fidelity1	0.7392287254
40.0	fidelity1	0.7812747955
40.0	fidelity1	0.7797861099
40.0	fidelity1	0.7463135719
40.0	fidelity1	0.7810577154
40.0	fidelity1	0.7808641195
40.0	fidelity1	0.7817234993
40.0	fidelity1	0.7783820033
40.0	fidelity1	0.7810959816
40.0	fidelity1	0.7811152339
40.0	fidelity1	0.7314596176
40.0	fidelity1	0.7810825706
40.0	fidelity1	0.7809270620
40.0	trace_distance	0.3297165632
40.0	trace_distance	0.3434165418
40.0	trace_distance	0.3285891414
40.0	trace_distance	0.3277224302
40.0	trace_distance	0.4141226411
40.0	trace_distance	0.3300834596
40.0	trace_distance	0.3458252251
40.0	trace_distance	0.3417955041
40.0	trace_distance	0.4351679683
40.0	trace_distance	0.3278014660
40.0	trace_distance	0.4037116170
40.0	trace_distance	0.3312802911
40.0	trace_distance	0.3391908407
40.0	trace_distance	0.4192212820
40.0	trace_distance	0.3660638630
40.0	trace_distance	0.3381135464
40.0	trace_distance	0.5054743290
40.0	trace_distance	0.4389857054
40.0	trace_distance	0.3402012289
40.0	trace_distance	0.3292661905
40.0	trace_distance	0.4057881832
40.0	trace_distance	0.3274055719
40.0	trace_distance	0.3623708189
40.0	trace_distance	0.3338603079
40.0	trace_distance	0.3724833131
40.0	trace_distance	0.3362553716
40.0	trace_distance	0.4336879849
40.0	trace_distance	0.3286701143
40.0	trace_distance	0.3668298423
40.0	trace_distance	0.3635996580
40.0	trace_distance	0.3589354157
40.0	trace_distance	0.3932365775
40.0	trace_distance	0.3300793767
40.0	trace_distance	0.3475958109
40.0	trace_distance	0.3521200716
40.0	trace_distance	0.3346081376
40.0	trace_distance	0.3481006026
40.0	trace_distance	0.5597565174
40.0	trace_distance	0.3410297334
40.0	trace_distance	0.3290050328
40.0	trace_distance	0.3900313973
40.0	trace_distance	0.3877188563
40.0	trace_distance	0.3375412226
40.0	trace_distance	0.3436437249
40.0	trace_distance	0.3282799423
40.0	trace_distance	0.3286011219
40.0	trace_distance	0.4127837420
40.0	trace_distance	0.3624427915
40.0	trace_distance	0.3336705863
40.0	trace_distance	0.3565751314
40.0	trace_distance	0.3859663904
40.0	trace_distance	0.3605440855
40.0	trace_distance	0.4050607085
40.0	trace_distance	0.3938995004
40.0	trace_distance	0.3430533707
40.0	trace_distance	0.3871124983
40.0	trace_distance	0.4024241567
40.0	trace_distance	0.3565789461
40.0	trace_distance	0.3843119144
40.0	trace_distance	0.3491981030
40.0	trace_distance	0.3500932455
40.0	trace_distance	0.3274224997
40.0	trace_distance	0.3715965152
40.0	trace_distance	0.3301008642
40.0	trace_distance	0.3364093602
40.0	trace_distance	0.3383804560
40.0	trace_distance	0.3275452852
40.0	trace_distance	0.3688085079
40.0	trace_distance	0.3518386781
40.0	trace_distance	0.4192872643
40.0	trace_distance	0.4409589469
40.0	trace_distance	0.3348629475
40.0	trace_distance	0.4012310505
40.0	trace_distance	0.3715812564
40.0	trace_distance	0.3795999885
40.0	trace_distance	0.3618357182
40.0	trace_distance	0.3528067470
40.0	trace_distance	0.3885414600
40.0	trace_distance	0.3558910489
40.0	trace_distance	0.3342460394
40.0	trace_distance	0.3395431340
40.0	trace_distance	0.3279594779
40.0	trace_distance	0.4407854378
40.0	trace_distance	0.3940749466
40.0	trace_distance	0.3856169581
40.0	trace_distance	0.3315576017
40.0	trace_distance	0.3388578296
40.0	trace_distance	0.4134739637
40.0	trace_distance	0.3284683228
40.0	trace_distance	0.3318502307
40.0	trace_distance	0.4004164338
40.0	trace_distance	0.3289635777
40.0	trace_distance	0.3294045925
40.0	trace_distance	0.3274421096
40.0	trace_distance	0.3350085616
40.0	trace_distance	0.3288764358
40.0	trace_distance	0.3288328648
40.0	trace_distance	0.4273339808
40.0	trace_distance	0.3289072216
40.0	trace_distance	0.3292616606
60.0	fidelity1	0.7167676687
60.0	fidelity1	0.7751945257
60.0	fidelity1	0.7698301673
60.0	fidelity1	0.7762022018
60.0	fidelity1	0.7814269066
60.0	fidelity1	0.7589735985
60.0	fidelity1	0.7809001803
60.0	fidelity1	0.7232418060
60.0	fidelity1	0.7704216242
60.0	fidelity1	0.7650622129
60.0	fidelity1	0.7813259959
60.0	fidelity1	0.7807745337
60.0	fidelity1	0.7794720531
60.0	fidelity1	0.7303800583
60.0	fidelity1	0.7817338705
60.0	fidelity1	0.7667199969
60.0	fidelity1	0.7736290693
60.0	fidelity1	0.7817581892
60.0	fidelity1	0.7721036673
60.0	fidelity1	0.7804681659
60.0	fidelity1	0.7817307711
60.0	fidelity1	0.7808694243
60.0	fidelity1	0.7424916029
60.0	fidelity1	0.7603508234
60.0	fidelity1	0.7777075171
60.0	fidelity1	0.7674393654
60.0	fidelity1	0.7759796381
60.0	fidelity1	0.7765694857
60.0	fidelity1	0.7716627121
60.0	fidelity1	0.7581600547
60.0	fidelity1	0.7229207754
60.0	fidelity1	0.7593776584
60.0	fidelity1	0.7733366489
60.0	fidelity1	0.7817518115
60.0	fidelity1	0.7783238888
60.0	fidelity1	0.7573909760
60.0	fidelity1	0.7093212008
60.0	fidelity1	0.7808637023
60.0	fidelity1	0.7784661055
60.0	fidelity1	0.7249592543
60.0	fidelity1	0.7692450285
60.0	fidelity1	0.7467308044
60.0	fidelity1	0.7729887962
60.0	fidelity1	0.7632943988
60.0	fidelity1	0.7785890102
60.0	fidelity1	0.7530317307
60.0	fidelity1	0.7647684813
60.0	fidelity1	0.7813668251
60.0	fidelity1	0.7712969184
60.0	fidelity1	0.7692437172
60.0	fidelity1	0.7159684896
60.0	fidelity1	0.7793628573
60.0	fidelity1	0.7431159019
60.0	fidelity1	0.7678174973
60.0	fidelity1	0.7814563513
60.0	fidelity1	0.7729198337
60.0	fidelity1	0.7502710223
60.0	fidelity1	0.7807873487
60.0	fidelity1	0.7790600657
60.0	fidelity1	0.7642201185
60.0	fidelity1	0.7765468955
60.0	fidelity1	0.7801823616
60.0	fidelity1	0.7786356807
60.0	fidelity1	0.7810277343
60.0	fidelity1	0.7817046046
60.0	fidelity1	0.7435433269
60.0	fidelity1	0.7793997526
60.0	fidelity1	0.7599838972
60.0	fidelity1	0.7776046991
60.0	fidelity1	0.7799939513
60.0	fidelity1	0.7750527263
60.0	fidelity1	0.7792586088
60.0	fidelity1	0.7817568779
60.0	fidelity1	0.7660178542
60.0	fidelity1	0.7341517806
60.0	fidelity1	0.7512830496
60.0	fidelity1	0.7801440954
60.0	fidelity1	0.7699759007
60.0	fidelity1	0.7299058437
60.0	fidelity1	0.7783017159
60.0	fidelity1	0.7656230927
60.0	fidelity1	0.7679249644
60.0	fidelity1	0.7384662628
60.0	fidelity1	0.7804369926
60.0	fidelity1	0.7489312887
60.0	fidelity1	0.7811341286
60.0	fidelity1	0.7557751536
60.0	fidelity1	0.6870859861
60.0	fidelity1	0.7652591467
60.0	fidelity1	0.7628580332
60.0	fidelity1	0.7817547321
60.0	fidelity1	0.7812298536
60.0	fidelity1	0.7817391157
60.0	fidelity1	0.7766773105
60.0	fidelity1	0.7817577124
60.0	fidelity1	0.7641676664
60.0	fidelity1	0.7755312920
60.0	fidelity1	0.7816828489
60.0	fidelity1	0.7817578316
60.0	fidelity1	0.7809972763
60.0	trace_distance	0.4523849785
60.0	trace_distance	0.3420701027
60.0	trace_distance	0.3536360860
60.0	trace_distance	0.3398535252
60.0	trace_distance	0.3281208873
60.0	trace_distance	0.3759567738
60.0	trace_distance	0.3293228149
60.0	trace_distance	0.4415211976
60.0	trace_distance	0.3523795903
60.0	trace_distance	0.3636075258
60.0	trace_distance	0.3283514678
60.0	trace_distance	0.3296087384
60.0	trace_distance	0.3325593472
60.0	trace_distance	0.4292244017
60.0	trace_distance	0.3274186850
60.0	trace_distance	0.3601717353
60.0	trace_distance	0.3454852700
60.0	trace_distance	0.3273629546
60.0	trace_distance	0.3487811685
60.0	trace_distance	0.3303050399
60.0	trace_distance	0.3274257779
60.0	trace_distance	0.3293927610
60.0	trace_distance	0.4075123966
60.0	trace_distance	0.3731989861
60.0	trace_distance	0.3365151882
60.0	trace_distance	0.3586702049
60.0	trace_distance	0.3403443694
60.0	trace_distance	0.3390422165
60.0	trace_distance	0.3497278690
60.0	trace_distance	0.3775761425
60.0	trace_distance	0.4420663416
60.0	trace_distance	0.3751496077
60.0	trace_distance	0.3461197615
60.0	trace_distance	0.3273775578
60.0	trace_distance	0.3351384103
60.0	trace_distance	0.3791009784
60.0	trace_distance	0.4645662904
60.0	trace_distance	0.3294060826
60.0	trace_distance	0.3348203897
60.0	trace_distance	0.4385942221
60.0	trace_distance	0.3548748791
60.0	trace_distance	0.3996344507
60.0	trace_distance	0.3468725681
60.0	trace_distance	0.3672357202
60.0	trace_distance	0.3345448077
60.0	trace_distance	0.3876288831
60.0	trace_distance	0.3642130494
60.0	trace_distance	0.3282581866
60.0	trace_distance	0.3505113125
60.0	trace_distance	0.3548777103
60.0	trace_distance	0.4537081420
60.0	trace_distance	0.3328053355
60.0	trace_distance	0.4063617289
60.0	trace_distance	0.3578791022
60.0	trace_distance	0.3280538023
60.0	trace_distance	0.3470215201
60.0	trace_distance	0.3929341435
60.0	trace_distance	0.3295798302
60.0	trace_distance	0.3334870636
60.0	trace_distance	0.3653402030
60.0	trace_distance	0.3390920758
60.0	trace_distance	0.3309534788
60.0	trace_distance	0.3344401717
60.0	trace_distance	0.3290323317
60.0	trace_distance	0.3274860680
60.0	trace_distance	0.4055721462
60.0	trace_distance	0.3327224851
60.0	trace_distance	0.3739360571
60.0	trace_distance	0.3367444277
60.0	trace_distance	0.3313801885
60.0	trace_distance	0.3423808813
60.0	trace_distance	0.3330401778
60.0	trace_distance	0.3273659945
60.0	trace_distance	0.3616312444
60.0	trace_distance	0.4225827754
60.0	trace_distance	0.3909980655
60.0	trace_distance	0.3310403526
60.0	trace_distance	0.3533267975
60.0	trace_distance	0.4300521910
60.0	trace_distance	0.3351882100
60.0	trace_distance	0.3624486327
60.0	trace_distance	0.3576540351
60.0	trace_distance	0.4148549139
60.0	trace_distance	0.3303761482
60.0	trace_distance	0.3954832256
60.0	trace_distance	0.3287894428
60.0	trace_distance	0.3822841644
60.0	trace_distance	0.4991741180
60.0	trace_distance	0.3632012010
60.0	trace_distance	0.3681260943
60.0	trace_distance	0.3273709416
60.0	trace_distance	0.3285714984
60.0	trace_distance	0.3274066448
60.0	trace_distance	0.3388035893
60.0	trace_distance	0.3273641765
60.0	trace_distance	0.3654480278
60.0	trace_distance	0.3413310647
60.0	trace_distance	0.3275355399
60.0	trace_distance	0.3273637891
60.0	trace_distance	0.3291014433
80.0	fidelity1	0.7797906399
80.0	fidelity1	0.7735351324
80.0	fidelity1	0.7817438841
80.0	fidelity1	0.7570638657
80.0	fidelity1	0.7815801501
80.0	fidelity1	0.7674620152
80.0	fidelity1	0.7788270712
80.0	fidelity1	0.7625533938
80.0	fidelity1	0.7599592209
80.0	fidelity1	0.7623917460
80.0	fidelity1	0.7679281235
80.0	fidelity1	0.7807132602
80.0	fidelity1	0.7794048190
80.0	fidelity1	0.7645656466
80.0	fidelity1	0.7159814835
80.0	fidelity1	0.7437717319
80.0	fidelity1	0.7817338705
80.0	fidelity1	0.7812800407
80.0	fidelity1	0.7576431036
80.0	fidelity1	0.7744963169
80.0	fidelity1	0.7817395926
80.0	fidelity1	0.7743856311
80.0	fidelity1	0.7796734571
80.0	fidelity1	0.7809810042
80.0	fidelity1	0.7817425132
80.0	fidelity1	0.7257581949
80.0	fidelity1	0.7451800108
80.0	fidelity1	0.7288386226
80.0	fidelity1	0.7713689208
80.0	fidelity1	0.7410544753
80.0	fidelity1	0.7456111908
80.0	fidelity1	0.7724444270
80.0	fidelity1	0.7386107445
80.0	fidelity1	0.7802939415
80.0	fidelity1	0.7806878090
80.0	fidelity1	0.7755111456
80.0	fidelity1	0.7738021612
80.0	fidelity1	0.7636607885
80.0	fidelity1	0.7628144622
80.0	fidelity1	0.7639884949
80.0	fidelity1	0.7795921564
80.0	fidelity1	0.7817391157
80.0	fidelity1	0.7734720707
80.0	fidelity1	0.7570643425
80.0	fidelity1	0.7485361099
80.0	fidelity1	0.7674667835
80.0	fidelity1	0.7799336314
80.0	fidelity1	0.7770773172
80.0	fidelity1	0.7785694003
80.0	fidelity1	0.7763018608
80.0	fidelity1	0.7770013809
80.0	fidelity1	0.7198662758
80.0	fidelity1	0.7812282443
80.0	fidelity1	0.7814058065
80.0	fidelity1	0.7317374945
80.0	fidelity1	0.7483336329
80.0	fidelity1	0.7212241888
80.0	fidelity1	0.7336003184
80.0	fidelity1	0.7614473104
80.0	fidelity1	0.7540644407
80.0	fidelity1	0.7656652331
80.0	fidelity1	0.7816524506
80.0	fidelity1	0.7798900604
80.0	fidelity1	0.7796113491
80.0	fidelity1	0.7634452581
80.0	fidelity1	0.7597285509
80.0	fidelity1	0.7055130005
80.0	fidelity1	0.7809874415
80.0	fidelity1	0.7813577652
80.0	fidelity1	0.6545869112
80.0	fidelity1	0.7745293379
80.0	fidelity1	0.7617331743
80.0	fidelity1	0.6938074827
80.0	fidelity1	0.7776703835
80.0	fidelity1	0.7802836299
80.0	fidelity1	0.7793652415
80.0	fidelity1	0.7707008123
80.0	fidelity1	0.7174813151
80.0	fidelity1	0.7801281214
80.0	fidelity1	0.7813118696
80.0	fidelity1	0.7725138664
80.0	fidelity1	0.7372770309
80.0	fidelity1	0.7410353422
80.0	fidelity1	0.7764207125
80.0	fidelity1	0.7369794846
80.0	fidelity1	0.7604271173
80.0	fidelity1	0.7046834826
80.0	fidelity1	0.7376143932
80.0	fidelity1	0.7693969607
80.0	fidelity1	0.7814494967
80.0	fidelity1	0.7619813681
80.0	fidelity1	0.7638707161
80.0	fidelity1	0.7812485695
80.0	fidelity1	0.7677833438
80.0	fidelity1	0.7682288885
80.0	fidelity1	0.7813795805
80.0	fidelity1	0.7817555666
80.0	fidelity1	0.6791715622
80.0	fidelity1	0.7462457418
80.0	fidelity1	0.7494034767
80.0	trace_distance	0.3318400979
80.0	trace_distance	0.3456894159
80.0	trace_distance	0.3273957968
80.0	trace_distance	0.3797473609
80.0	trace_distance	0.3277705014
80.0	trace_distance	0.3586233854
80.0	trace_distance	0.3340107799
80.0	trace_distance	0.3687459826
80.0	trace_distance	0.3739849925
80.0	trace_distance	0.3690747619
80.0	trace_distance	0.3576474190
80.0	trace_distance	0.3297480345
80.0	trace_distance	0.3327108026
80.0	trace_distance	0.3646302223
80.0	trace_distance	0.4536865056
80.0	trace_distance	0.4051494598
80.0	trace_distance	0.3274185658
80.0	trace_distance	0.3284565210
80.0	trace_distance	0.3786015213
80.0	trace_distance	0.3435974717
80.0	trace_distance	0.3274058104
80.0	trace_distance	0.3438389301
80.0	trace_distance	0.3321048021
80.0	trace_distance	0.3291384280
80.0	trace_distance	0.3273986280
80.0	trace_distance	0.4372258782
80.0	trace_distance	0.4025340378
80.0	trace_distance	0.4319095612
80.0	trace_distance	0.3503574133
80.0	trace_distance	0.4101487398
80.0	trace_distance	0.4017299414
80.0	trace_distance	0.3480476439
80.0	trace_distance	0.4145932198
80.0	trace_distance	0.3307004869
80.0	trace_distance	0.3298060298
80.0	trace_distance	0.3413754404
80.0	trace_distance	0.3451094031
80.0	trace_distance	0.3664871156
80.0	trace_distance	0.3682146370
80.0	trace_distance	0.3658155799
80.0	trace_distance	0.3322884738
80.0	trace_distance	0.3274064660
80.0	trace_distance	0.3458257020
80.0	trace_distance	0.3797463179
80.0	trace_distance	0.3962316811
80.0	trace_distance	0.3586132526
80.0	trace_distance	0.3315166831
80.0	trace_distance	0.3379169106
80.0	trace_distance	0.3345889747
80.0	trace_distance	0.3396335840
80.0	trace_distance	0.3380852938
80.0	trace_distance	0.4472185969
80.0	trace_distance	0.3285750151
80.0	trace_distance	0.3281689882
80.0	trace_distance	0.4268460572
80.0	trace_distance	0.3966149986
80.0	trace_distance	0.4449355006
80.0	trace_distance	0.4235600829
80.0	trace_distance	0.3709889650
80.0	trace_distance	0.3856255710
80.0	trace_distance	0.3623613119
80.0	trace_distance	0.3276049197
80.0	trace_distance	0.3316152096
80.0	trace_distance	0.3322450519
80.0	trace_distance	0.3669275045
80.0	trace_distance	0.3744475543
80.0	trace_distance	0.4706741571
80.0	trace_distance	0.3291241527
80.0	trace_distance	0.3282790780
80.0	trace_distance	0.5458236337
80.0	trace_distance	0.3435256481
80.0	trace_distance	0.3704105020
80.0	trace_distance	0.4889708757
80.0	trace_distance	0.3365979195
80.0	trace_distance	0.3307242990
80.0	trace_distance	0.3328000009
80.0	trace_distance	0.3517852426
80.0	trace_distance	0.4512002468
80.0	trace_distance	0.3310762644
80.0	trace_distance	0.3283837438
80.0	trace_distance	0.3478977084
80.0	trace_distance	0.4169990420
80.0	trace_distance	0.4101837277
80.0	trace_distance	0.3393712044
80.0	trace_distance	0.4175339341
80.0	trace_distance	0.3730455041
80.0	trace_distance	0.4719941318
80.0	trace_distance	0.4163919687
80.0	trace_distance	0.3545532823
80.0	trace_distance	0.3280692995
80.0	trace_distance	0.3699079752
80.0	trace_distance	0.3660567999
80.0	trace_distance	0.3285281658
80.0	trace_distance	0.3579503894
80.0	trace_distance	0.3570161462
80.0	trace_distance	0.3282290697
80.0	trace_distance	0.3273688853
80.0	trace_distance	0.5109272003
80.0	trace_distance	0.4005437791
80.0	trace_distance	0.3945865631
120.0	fidelity1	0.6920650005
120.0	fidelity1	0.7817200422
120.0	fidelity1	0.7813738585
120.0	fidelity1	0.7787642479
120.0	fidelity1	0.7817324400
120.0	fidelity1	0.7815853953
120.0	fidelity1	0.7210268974
120.0	fidelity1	0.7705594897
120.0	fidelity1	0.7794165015
120.0	fidelity1	0.7795371413
120.0	fidelity1	0.7745057344
120.0	fidelity1	0.7197124362
120.0	fidelity1	0.7651252747
120.0	fidelity1	0.7811387777
120.0	fidelity1	0.7815150023
120.0	fidelity1	0.7728166580
120.0	fidelity1	0.7744590640
120.0	fidelity1	0.7801667452
120.0	fidelity1	0.7771843672
120.0	fidelity1	0.7570031881
120.0	fidelity1	0.7628061175
120.0	fidelity1	0.7736238241
120.0	fidelity1	0.7542626262
120.0	fidelity1	0.7790312767
120.0	fidelity1	0.7686221004
120.0	fidelity1	0.7465879321
120.0	fidelity1	0.7800865173
120.0	fidelity1	0.7812600136
120.0	fidelity1	0.7793030739
120.0	fidelity1	0.7535116673
120.0	fidelity1	0.6944879293
120.0	fidelity1	0.7733920813
120.0	fidelity1	0.7812343836
120.0	fidelity1	0.7603507042
120.0	fidelity1	0.7646818161
120.0	fidelity1	0.7662339211
120.0	fidelity1	0.7687449455
120.0	fidelity1	0.7763926387
120.0	fidelity1	0.7658423185
120.0	fidelity1	0.7795432806
120.0	fidelity1	0.7801153064
120.0	fidelity1	0.7794499397
120.0	fidelity1	0.7804876566
120.0	fidelity1	0.7816028595
120.0	fidelity1	0.7817581892
120.0	fidelity1	0.7531129122
120.0	fidelity1	0.7682809830
120.0	fidelity1	0.7779232860
120.0	fidelity1	0.7623704672
120.0	fidelity1	0.7619627714
120.0	fidelity1	0.7654001117
120.0	fidelity1	0.6767832041
120.0	fidelity1	0.7809017897
120.0	fidelity1	0.7809233665
120.0	fidelity1	0.7754141688
120.0	fidelity1	0.7803492546
120.0	fidelity1	0.7705993652
120.0	fidelity1	0.7804114223
120.0	fidelity1	0.6420165300
120.0	fidelity1	0.7698470354
120.0	fidelity1	0.7677196264
120.0	fidelity1	0.7547835112
120.0	fidelity1	0.7806424499
120.0	fidelity1	0.7463879585
120.0	fidelity1	0.7714200020
120.0	fidelity1	0.7193691134
120.0	fidelity1	0.7750459909
120.0	fidelity1	0.7748341560
120.0	fidelity1	0.7756785154
120.0	fidelity1	0.7754963636
120.0	fidelity1	0.7724827528
120.0	fidelity1	0.7810360789
120.0	fidelity1	0.7515441775
120.0	fidelity1	0.7179216146
120.0	fidelity1	0.7673921585
120.0	fidelity1	0.7601053119
120.0	fidelity1	0.7695865631
120.0	fidelity1	0.7567785978
120.0	fidelity1	0.7803189158
120.0	fidelity1	0.7808777690
120.0	fidelity1	0.7817246318
120.0	fidelity1	0.7718130946
120.0	fidelity1	0.7800554037
120.0	fidelity1	0.7783074379
120.0	fidelity1	0.7802563906
120.0	fidelity1	0.7742344737
120.0	fidelity1	0.7539026141
120.0	fidelity1	0.7534567118
120.0	fidelity1	0.7209765315
120.0	fidelity1	0.7038015127
120.0	fidelity1	0.7743581533
120.0	fidelity1	0.7813283801
120.0	fidelity1	0.7817451358
120.0	fidelity1	0.6125525236
120.0	fidelity1	0.7365455627
120.0	fidelity1	0.7802044749
120.0	fidelity1	0.7744334936
120.0	fidelity1	0.7811907530
120.0	fidelity1	0.7787446976
120.0	fidelity1	0.7642451525
120.0	trace_distance	0.4916361570
120.0	trace_distance	0.3274502158
120.0	trace_distance	0.3282423615
120.0	trace_distance	0.3341515958
120.0	trace_distance	0.3274219930
120.0	trace_distance	0.3277586102
120.0	trace_distance	0.4452675879
120.0	trace_distance	0.3520860076
120.0	trace_distance	0.3326846063
120.0	trace_distance	0.3324124217
120.0	trace_distance	0.3435773551
120.0	trace_distance	0.4474765360
120.0	trace_distance	0.3634772301
120.0	trace_distance	0.3287789822
120.0	trace_distance	0.3279195428
120.0	trace_distance	0.3472445011
120.0	trace_distance	0.3436790705
120.0	trace_distance	0.3309887052
120.0	trace_distance	0.3376791477
120.0	trace_distance	0.3798672557
120.0	trace_distance	0.3682317138
120.0	trace_distance	0.3454968631
120.0	trace_distance	0.3852400482
120.0	trace_distance	0.3335516155
120.0	trace_distance	0.3561888337
120.0	trace_distance	0.3999023438
120.0	trace_distance	0.3311705291
120.0	trace_distance	0.3285023570
120.0	trace_distance	0.3329399824
120.0	trace_distance	0.3866994679
120.0	trace_distance	0.4879261851
120.0	trace_distance	0.3459995389
120.0	trace_distance	0.3285608590
120.0	trace_distance	0.3731992841
120.0	trace_distance	0.3643914163
120.0	trace_distance	0.3611826301
120.0	trace_distance	0.3559305370
120.0	trace_distance	0.3394330740
120.0	trace_distance	0.3619947731
120.0	trace_distance	0.3323987722
120.0	trace_distance	0.3311055601
120.0	trace_distance	0.3326092064
120.0	trace_distance	0.3302608728
120.0	trace_distance	0.3277186751
120.0	trace_distance	0.3273630738
120.0	trace_distance	0.3874717355
120.0	trace_distance	0.3569066525
120.0	trace_distance	0.3360341191
120.0	trace_distance	0.3691179156
120.0	trace_distance	0.3699453175
120.0	trace_distance	0.3629099131
120.0	trace_distance	0.5144210458
120.0	trace_distance	0.3293192983
120.0	trace_distance	0.3292700946
120.0	trace_distance	0.3415883780
120.0	trace_distance	0.3305753469
120.0	trace_distance	0.3520004153
120.0	trace_distance	0.3304340839
120.0	trace_distance	0.5628311634
120.0	trace_distance	0.3536004126
120.0	trace_distance	0.3580846190
120.0	trace_distance	0.3842247128
120.0	trace_distance	0.3299091458
120.0	trace_distance	0.4002772272
120.0	trace_distance	0.3502478302
120.0	trace_distance	0.4480514526
120.0	trace_distance	0.3423956633
120.0	trace_distance	0.3428594470
120.0	trace_distance	0.3410074115
120.0	trace_distance	0.3414078355
120.0	trace_distance	0.3479650617
120.0	trace_distance	0.3290132880
120.0	trace_distance	0.3904966414
120.0	trace_distance	0.4504680037
120.0	trace_distance	0.3587694764
120.0	trace_distance	0.3736920953
120.0	trace_distance	0.3541523218
120.0	trace_distance	0.3803103566
120.0	trace_distance	0.3306439817
120.0	trace_distance	0.3293736279
120.0	trace_distance	0.3274396956
120.0	trace_distance	0.3494053483
120.0	trace_distance	0.3312409818
120.0	trace_distance	0.3351752460
120.0	trace_distance	0.3307857513
120.0	trace_distance	0.3441686034
120.0	trace_distance	0.3859404325
120.0	trace_distance	0.3868056238
120.0	trace_distance	0.4453525841
120.0	trace_distance	0.4733937383
120.0	trace_distance	0.3438989818
120.0	trace_distance	0.3283461034
120.0	trace_distance	0.3273931742
120.0	trace_distance	0.6008118391
120.0	trace_distance	0.4183127880
120.0	trace_distance	0.3309030533
120.0	trace_distance	0.3437346220
120.0	trace_distance	0.3286603093
120.0	trace_distance	0.3341955543
120.0	trace_distance	0.3652890325
200.0	fidelity1	0.7607955933
200.0	fidelity1	0.7056183815
200.0	fidelity1	0.7537986636
200.0	fidelity1	0.7668339610
200.0	fidelity1	0.7793595791
200.0	fidelity1	0.7807890773
200.0	fidelity1	0.7805948257
200.0	fidelity1	0.7814065814
200.0	fidelity1	0.7234417796
200.0	fidelity1	0.7011092901
200.0	fidelity1	0.7817041278
200.0	fidelity1	0.7171444893
200.0	fidelity1	0.7270621061
200.0	fidelity1	0.7497269511
200.0	fidelity1	0.7815620303
200.0	fidelity1	0.7618026733
200.0	fidelity1	0.7783915401
200.0	fidelity1	0.6560931802
200.0	fidelity1	0.7748087645
200.0	fidelity1	0.7463946342
200.0	fidelity1	0.7760240436
200.0	fidelity1	0.7639297247
200.0	fidelity1	0.7817562819
200.0	fidelity1	0.7683027983
200.0	fidelity1	0.7525326610
200.0	fidelity1	0.7816094160
200.0	fidelity1	0.7626887560
200.0	fidelity1	0.7581213713
200.0	fidelity1	0.7742984295
200.0	fidelity1	0.7667583227
200.0	fidelity1	0.7788090706
200.0	fidelity1	0.7531099319
200.0	fidelity1	0.7757430077
200.0	fidelity1	0.7463558912
200.0	fidelity1	0.7633663416
200.0	fidelity1	0.7744115591
200.0	fidelity1	0.7768721581
200.0	fidelity1	0.7816554308
200.0	fidelity1	0.6181313992
200.0	fidelity1	0.7611691356
200.0	fidelity1	0.7816543579
200.0	fidelity1	0.7809456587
200.0	fidelity1	0.7761889696
200.0	fidelity1	0.7609657049
200.0	fidelity1	0.7622615695
200.0	fidelity1	0.6887330413
200.0	fidelity1	0.7518622279
200.0	fidelity1	0.7805277705
200.0	fidelity1	0.7470896244
200.0	fidelity1	0.7786711454
200.0	fidelity1	0.7772421241
200.0	fidelity1	0.7817229033
200.0	fidelity1	0.7807520628
200.0	fidelity1	0.7675700188
200.0	fidelity1	0.7737171650
200.0	fidelity1	0.7145632505
200.0	fidelity1	0.7466850281
200.0	fidelity1	0.7688183784
200.0	fidelity1	0.7603160739
200.0	fidelity1	0.7186006904
200.0	fidelity1	0.7753720284
200.0	fidelity1	0.7731002569
200.0	fidelity1	0.7742926478
200.0	fidelity1	0.7815240622
200.0	fidelity1	0.7797357440
200.0	fidelity1	0.7803710699
200.0	fidelity1	0.7757633924
200.0	fidelity1	0.7813601494
200.0	fidelity1	0.7753380537
200.0	fidelity1	0.7815269232
200.0	fidelity1	0.7710201144
200.0	fidelity1	0.7444814444
200.0	fidelity1	0.7709702253
200.0	fidelity1	0.7766942978
200.0	fidelity1	0.7513383627
200.0	fidelity1	0.7817274928
200.0	fidelity1	0.7783101797
200.0	fidelity1	0.7480117679
200.0	fidelity1	0.7367383242
200.0	fidelity1	0.7802321315
200.0	fidelity1	0.7473456264
200.0	fidelity1	0.7794536352
200.0	fidelity1	0.7777247429
200.0	fidelity1	0.7614104152
200.0	fidelity1	0.7817262411
200.0	fidelity1	0.7761183977
200.0	fidelity1	0.7808493972
200.0	fidelity1	0.7810807228
200.0	fidelity1	0.7750515342
200.0	fidelity1	0.7705344558
200.0	fidelity1	0.7769080997
200.0	fidelity1	0.7405518293
200.0	fidelity1	0.7368253469
200.0	fidelity1	0.7302494049
200.0	fidelity1	0.7814620733
200.0	fidelity1	0.7454749346
200.0	fidelity1	0.7493733168
200.0	fidelity1	0.7560359240
200.0	fidelity1	0.7803761959
200.0	fidelity1	0.6485691071
200.0	trace_distance	0.3723040223
200.0	trace_distance	0.4705060720
200.0	trace_distance	0.3861421347
200.0	trace_distance	0.3599346280
200.0	trace_distance	0.3328126073
200.0	trace_distance	0.3295754492
200.0	trace_distance	0.3300175071
200.0	trace_distance	0.3281677067
200.0	trace_distance	0.4411813617
200.0	trace_distance	0.4776399732
200.0	trace_distance	0.3274865150
200.0	trace_distance	0.4517599940
200.0	trace_distance	0.4349835515
200.0	trace_distance	0.3939712644
200.0	trace_distance	0.3278121948
200.0	trace_distance	0.3702696562
200.0	trace_distance	0.3349874020
200.0	trace_distance	0.5437498689
200.0	trace_distance	0.3429149389
200.0	trace_distance	0.4002647400
200.0	trace_distance	0.3402463794
200.0	trace_distance	0.3659363389
200.0	trace_distance	0.3273671269
200.0	trace_distance	0.3568606377
200.0	trace_distance	0.3885933161
200.0	trace_distance	0.3277036548
200.0	trace_distance	0.3684706986
200.0	trace_distance	0.3776528239
200.0	trace_distance	0.3440291286
200.0	trace_distance	0.3600921631
200.0	trace_distance	0.3340512514
200.0	trace_distance	0.3874773681
200.0	trace_distance	0.3408655524
200.0	trace_distance	0.4003372490
200.0	trace_distance	0.3670889139
200.0	trace_distance	0.3437825739
200.0	trace_distance	0.3383719325
200.0	trace_distance	0.3275983334
200.0	trace_distance	0.5938069224
200.0	trace_distance	0.3715512455
200.0	trace_distance	0.3276006579
200.0	trace_distance	0.3292191029
200.0	trace_distance	0.3398829103
200.0	trace_distance	0.3719612956
200.0	trace_distance	0.3693390489
200.0	trace_distance	0.4966933727
200.0	trace_distance	0.3898852468
200.0	trace_distance	0.3301698267
200.0	trace_distance	0.3989604115
200.0	trace_distance	0.3343604803
200.0	trace_distance	0.3375506997
200.0	trace_distance	0.3274437785
200.0	trace_distance	0.3296598792
200.0	trace_distance	0.3583976030
200.0	trace_distance	0.3452939391
200.0	trace_distance	0.4560251832
200.0	trace_distance	0.3997201025
200.0	trace_distance	0.3557756543
200.0	trace_distance	0.3732687831
200.0	trace_distance	0.4493359327
200.0	trace_distance	0.3416803181
200.0	trace_distance	0.3466314673
200.0	trace_distance	0.3440419436
200.0	trace_distance	0.3278990388
200.0	trace_distance	0.3319641650
200.0	trace_distance	0.3305255175
200.0	trace_distance	0.3408206403
200.0	trace_distance	0.3282735348
200.0	trace_distance	0.3417553604
200.0	trace_distance	0.3278926015
200.0	trace_distance	0.3511031270
200.0	trace_distance	0.4038338065
200.0	trace_distance	0.3512101173
200.0	trace_distance	0.3387658894
200.0	trace_distance	0.3908917308
200.0	trace_distance	0.3274332285
200.0	trace_distance	0.3351693153
200.0	trace_distance	0.3972229064
200.0	trace_distance	0.4179668427
200.0	trace_distance	0.3308408558
200.0	trace_distance	0.3984787464
200.0	trace_distance	0.3326010108
200.0	trace_distance	0.3364765942
200.0	trace_distance	0.3710633218
200.0	trace_distance	0.3274359703
200.0	trace_distance	0.3400385380
200.0	trace_distance	0.3294384181
200.0	trace_distance	0.3289113343
200.0	trace_distance	0.3423838019
200.0	trace_distance	0.3521393538
200.0	trace_distance	0.3382921815
200.0	trace_distance	0.4110668302
200.0	trace_distance	0.4178107977
200.0	trace_distance	0.4294528961
200.0	trace_distance	0.3280404210
200.0	trace_distance	0.4019843340
200.0	trace_distance	0.3946440220
200.0	trace_distance	0.3817718923
200.0	trace_distance	0.3305138648
200.0	trace_distance	0.5540305972
400.0	fidelity1	0.7721128464
400.0	fidelity1	0.7745083570
400.0	fidelity1	0.7817449570
400.0	fidelity1	0.7730039358
400.0	fidelity1	0.7686618567
400.0	fidelity1	0.7792586088
400.0	fidelity1	0.7765525579
400.0	fidelity1	0.7523352504
400.0	fidelity1	0.7208892107
400.0	fidelity1	0.7781277895
400.0	fidelity1	0.7817171812
400.0	fidelity1	0.6395828724
400.0	fidelity1	0.7655414343
400.0	fidelity1	0.7805132270
400.0	fidelity1	0.7533221245
400.0	fidelity1	0.7646974325
400.0	fidelity1	0.7706359625
400.0	fidelity1	0.7339560390
400.0	fidelity1	0.7602601051
400.0	fidelity1	0.7815932035
400.0	fidelity1	0.7816715240
400.0	fidelity1	0.7808418274
400.0	fidelity1	0.7719027400
400.0	fidelity1	0.7067305446
400.0	fidelity1	0.7744867206
400.0	fidelity1	0.7777210474
400.0	fidelity1	0.7811492682
400.0	fidelity1	0.7758791447
400.0	fidelity1	0.7193533778
400.0	fidelity1	0.7692269683
400.0	fidelity1	0.7763385773
400.0	fidelity1	0.7795152664
400.0	fidelity1	0.7779448032
400.0	fidelity1	0.7801349163
400.0	fidelity1	0.7774974704
400.0	fidelity1	0.7750414610
400.0	fidelity1	0.7759982944
400.0	fidelity1	0.7464947701
400.0	fidelity1	0.7573115230
400.0	fidelity1	0.7770065069
400.0	fidelity1	0.7173552513
400.0	fidelity1	0.7814162970
400.0	fidelity1	0.7801594138
400.0	fidelity1	0.7463738918
400.0	fidelity1	0.7816667557
400.0	fidelity1	0.7643685341
400.0	fidelity1	0.7792991400
400.0	fidelity1	0.7214163542
400.0	fidelity1	0.7676997185
400.0	fidelity1	0.7599195242
400.0	fidelity1	0.7202596664
400.0	fidelity1	0.7814685702
400.0	fidelity1	0.7801805735
400.0	fidelity1	0.7817373276
400.0	fidelity1	0.7761914730
400.0	fidelity1	0.7607114315
400.0	fidelity1	0.7664157748
400.0	fidelity1	0.7755607367
400.0	fidelity1	0.7460936904
400.0	fidelity1	0.7796790004
400.0	fidelity1	0.7719489932
400.0	fidelity1	0.7815203071
400.0	fidelity1	0.7605984211
400.0	fidelity1	0.7745691538
400.0	fidelity1	0.7688857913
400.0	fidelity1	0.6626880169
400.0	fidelity1	0.7092639804
400.0	fidelity1	0.7693039775
400.0	fidelity1	0.7025460005
400.0	fidelity1	0.7668988109
400.0	fidelity1	0.7605980635
400.0	fidelity1	0.7652193904
400.0	fidelity1	0.7788893580
400.0	fidelity1	0.7628610134
400.0	fidelity1	0.7783882022
400.0	fidelity1	0.7671172023
400.0	fidelity1	0.7258571982
400.0	fidelity1	0.7616759539
400.0	fidelity1	0.7789003253
400.0	fidelity1	0.7452997565
400.0	fidelity1	0.7570125461
400.0	fidelity1	0.6978966594
400.0	fidelity1	0.7806446552
400.0	fidelity1	0.7676374316
400.0	fidelity1	0.7817572355
400.0	fidelity1	0.7172805667
400.0	fidelity1	0.7025822401
400.0	fidelity1	0.7799201012
400.0	fidelity1	0.7817413211
400.0	fidelity1	0.7464548945
400.0	fidelity1	0.7746583819
400.0	fidelity1	0.7558462620
400.0	fidelity1	0.7318941951
400.0	fidelity1	0.7330710292
400.0	fidelity1	0.7811959982
400.0	fidelity1	0.7796720266
400.0	fidelity1	0.7816303968
400.0	fidelity1	0.7626790404
400.0	fidelity1	0.7093604803
400.0	fidelity1	0.7817578316
400.0	trace_distance	0.3487609029
400.0	trace_distance	0.3435714841
400.0	trace_distance	0.3273932934
400.0	trace_distance	0.3468396068
400.0	trace_distance	0.3561055064
400.0	trace_distance	0.3330402970
400.0	trace_distance	0.3390796781
400.0	trace_distance	0.3889742494
400.0	trace_distance	0.4454995990
400.0	trace_distance	0.3355770707
400.0	trace_distance	0.3274568319
400.0	trace_distance	0.5660647154
400.0	trace_distance	0.3626176119
400.0	trace_distance	0.3302026093
400.0	trace_distance	0.3870666027
400.0	trace_distance	0.3643589914
400.0	trace_distance	0.3519229889
400.0	trace_distance	0.4229298830
400.0	trace_distance	0.3733811975
400.0	trace_distance	0.3277406096
400.0	trace_distance	0.3275611401
400.0	trace_distance	0.3294554353
400.0	trace_distance	0.3492126167
400.0	trace_distance	0.4687302113
400.0	trace_distance	0.3436183929
400.0	trace_distance	0.3364852965
400.0	trace_distance	0.3287549615
400.0	trace_distance	0.3405660391
400.0	trace_distance	0.4480776191
400.0	trace_distance	0.3549129665
400.0	trace_distance	0.3395527899
400.0	trace_distance	0.3324615359
400.0	trace_distance	0.3359858990
400.0	trace_distance	0.3310610056
400.0	trace_distance	0.3369829059
400.0	trace_distance	0.3424054682
400.0	trace_distance	0.3403033316
400.0	trace_distance	0.4000771642
400.0	trace_distance	0.3792578876
400.0	trace_distance	0.3380742669
400.0	trace_distance	0.4514098763
400.0	trace_distance	0.3281452060
400.0	trace_distance	0.3310056627
400.0	trace_distance	0.4003036022
400.0	trace_distance	0.3275722563
400.0	trace_distance	0.3650352657
400.0	trace_distance	0.3329488635
400.0	trace_distance	0.4446112514
400.0	trace_distance	0.3581258655
400.0	trace_distance	0.3740649819
400.0	trace_distance	0.4465582371
400.0	trace_distance	0.3280257285
400.0	trace_distance	0.3309574723
400.0	trace_distance	0.3274108469
400.0	trace_distance	0.3398774266
400.0	trace_distance	0.3724733889
400.0	trace_distance	0.3608047962
400.0	trace_distance	0.3412662148
400.0	trace_distance	0.4008282721
400.0	trace_distance	0.3320920765
400.0	trace_distance	0.3491134048
400.0	trace_distance	0.3279075921
400.0	trace_distance	0.3727011383
400.0	trace_distance	0.3434385657
400.0	trace_distance	0.3556331694
400.0	trace_distance	0.5345761776
400.0	trace_distance	0.4646587074
400.0	trace_distance	0.3547503948
400.0	trace_distance	0.4753788710
400.0	trace_distance	0.3597992659
400.0	trace_distance	0.3727019131
400.0	trace_distance	0.3632833958
400.0	trace_distance	0.3338707685
400.0	trace_distance	0.3681198359
400.0	trace_distance	0.3349946737
400.0	trace_distance	0.3593439162
400.0	trace_distance	0.4370559454
400.0	trace_distance	0.3705264330
400.0	trace_distance	0.3338464200
400.0	trace_distance	0.4023112059
400.0	trace_distance	0.3798486292
400.0	trace_distance	0.4826580882
400.0	trace_distance	0.3299041390
400.0	trace_distance	0.3582562506
400.0	trace_distance	0.3273650408
400.0	trace_distance	0.4515341222
400.0	trace_distance	0.4753214121
400.0	trace_distance	0.3315473795
400.0	trace_distance	0.3274013400
400.0	trace_distance	0.4001520276
400.0	trace_distance	0.3432435393
400.0	trace_distance	0.3821444511
400.0	trace_distance	0.4265705347
400.0	trace_distance	0.4244965315
400.0	trace_distance	0.3286484480
400.0	trace_distance	0.3321081400
400.0	trace_distance	0.3276555836
400.0	trace_distance	0.3684907556
400.0	trace_distance	0.4645028710
400.0	trace_distance	0.3273636699
800.0	fidelity1	0.7807788849
800.0	fidelity1	0.7738222480
800.0	fidelity1	0.7816381454
800.0	fidelity1	0.7817577124
800.0	fidelity1	0.7817541957
800.0	fidelity1	0.7807177305
800.0	fidelity1	0.7817551494
800.0	fidelity1	0.7813839316
800.0	fidelity1	0.7814692259
800.0	fidelity1	0.7807223201
800.0	fidelity1	0.7777861357
800.0	fidelity1	0.7817538977
800.0	fidelity1	0.7809100151
800.0	fidelity1	0.7815029025
800.0	fidelity1	0.7804011106
800.0	fidelity1	0.7816599607
800.0	fidelity1	0.7806739807
800.0	fidelity1	0.7815164924
800.0	fidelity1	0.7807798386
800.0	fidelity1	0.7817101479
800.0	fidelity1	0.7817559242
800.0	fidelity1	0.7816932201
800.0	fidelity1	0.7808674574
800.0	fidelity1	0.7815116644
800.0	fidelity1	0.7804099917
800.0	fidelity1	0.7747796774
800.0	fidelity1	0.7810990214
800.0	fidelity1	0.7771463394
800.0	fidelity1	0.7780496478
800.0	fidelity1	0.7813696861
800.0	fidelity1	0.7808856964
800.0	fidelity1	0.7799257040
800.0	fidelity1	0.7817580104
800.0	fidelity1	0.7804011703
800.0	fidelity1	0.7764118910
800.0	fidelity1	0.7764303088
800.0	fidelity1	0.7817420959
800.0	fidelity1	0.7817556262
800.0	fidelity1	0.7775635123
800.0	fidelity1	0.7803511024
800.0	fidelity1	0.7817262411
800.0	fidelity1	0.7814129591
800.0	fidelity1	0.7750477195
800.0	fidelity1	0.7775287628
800.0	fidelity1	0.7806488872
800.0	fidelity1	0.7813720703
800.0	fidelity1	0.7809342146
800.0	fidelity1	0.7815899849
800.0	fidelity1	0.7799921036
800.0	fidelity1	0.7817122340
800.0	fidelity1	0.7817277908
800.0	fidelity1	0.7813619971
800.0	fidelity1	0.7814195156
800.0	fidelity1	0.7814952731
800.0	fidelity1	0.7762171626
800.0	fidelity1	0.7814439535
800.0	fidelity1	0.7812251449
800.0	fidelity1	0.7786819339
800.0	fidelity1	0.7813715935
800.0	fidelity1	0.7810627818
800.0	fidelity1	0.7816208601
800.0	fidelity1	0.7817482948
800.0	fidelity1	0.7812170982
800.0	fidelity1	0.7785052657
800.0	fidelity1	0.7809945941
800.0	fidelity1	0.7816495895
800.0	fidelity1	0.7802027464
800.0	fidelity1	0.7812775373
800.0	fidelity1	0.7700752020
800.0	fidelity1	0.7753022909
800.0	fidelity1	0.7761329412
800.0	fidelity1	0.7803335190
800.0	fidelity1	0.7816941142
800.0	fidelity1	0.7817003727
800.0	fidelity1	0.7817500830
800.0	fidelity1	0.7683417797
800.0	fidelity1	0.7805027962
800.0	fidelity1	0.7771748900
800.0	fidelity1	0.7801453471
800.0	fidelity1	0.7806015015
800.0	fidelity1	0.7817519903
800.0	fidelity1	0.7806436419
800.0	fidelity1	0.7817477584
800.0	fidelity1	0.7793887854
800.0	fidelity1	0.7764976025
800.0	fidelity1	0.7781118155
800.0	fidelity1	0.7814828753
800.0	fidelity1	0.7815380096
800.0	fidelity1	0.7812268138
800.0	fidelity1	0.7781695127
800.0	fidelity1	0.7808437347
800.0	fidelity1	0.7816389799
800.0	fidelity1	0.7807679176
800.0	fidelity1	0.7812234759
800.0	fidelity1	0.7817502022
800.0	fidelity1	0.7801641822
800.0	fidelity1	0.7817308307
800.0	fidelity1	0.7786620855
800.0	fidelity1	0.7814807892
800.0	fidelity1	0.7817463279
800.0	trace_distance	0.3295988142
800.0	trace_distance	0.3450656533
800.0	trace_distance	0.3276378512
800.0	trace_distance	0.3273642063
800.0	trace_distance	0.3273717165
800.0	trace_distance	0.3297378421
800.0	trace_distance	0.3273698390
800.0	trace_distance	0.3282191157
800.0	trace_distance	0.3280243874
800.0	trace_distance	0.3297273517
800.0	trace_distance	0.3363399506
800.0	trace_distance	0.3273728192
800.0	trace_distance	0.3293006122
800.0	trace_distance	0.3279471397
800.0	trace_distance	0.3304575086
800.0	trace_distance	0.3275883794
800.0	trace_distance	0.3298376799
800.0	trace_distance	0.3279162645
800.0	trace_distance	0.3295966983
800.0	trace_distance	0.3274731040
800.0	trace_distance	0.3273680508
800.0	trace_distance	0.3275119662
800.0	trace_distance	0.3293972015
800.0	trace_distance	0.3279272616
800.0	trace_distance	0.3304373920
800.0	trace_distance	0.3429783583
800.0	trace_distance	0.3288694620
800.0	trace_distance	0.3377633691
800.0	trace_distance	0.3357520700
800.0	trace_distance	0.3282516599
800.0	trace_distance	0.3293556571
800.0	trace_distance	0.3315342069
800.0	trace_distance	0.3273632228
800.0	trace_distance	0.3304573894
800.0	trace_distance	0.3393909931
800.0	trace_distance	0.3393501043
800.0	trace_distance	0.3273997009
800.0	trace_distance	0.3273687959
800.0	trace_distance	0.3368358612
800.0	trace_distance	0.3305710554
800.0	trace_distance	0.3274359703
800.0	trace_distance	0.3281527758
800.0	trace_distance	0.3423917890
800.0	trace_distance	0.3369133174
800.0	trace_distance	0.3298946023
800.0	trace_distance	0.3282463551
800.0	trace_distance	0.3292453885
800.0	trace_distance	0.3277478516
800.0	trace_distance	0.3313844204
800.0	trace_distance	0.3274680972
800.0	trace_distance	0.3274325728
800.0	trace_distance	0.3282691240
800.0	trace_distance	0.3281377554
800.0	trace_distance	0.3279649615
800.0	trace_distance	0.3398205042
800.0	trace_distance	0.3280822039
800.0	trace_distance	0.3285820484
800.0	trace_distance	0.3343364298
800.0	trace_distance	0.3282475471
800.0	trace_distance	0.3289523721
800.0	trace_distance	0.3276776075
800.0	trace_distance	0.3273853958
800.0	trace_distance	0.3286000490
800.0	trace_distance	0.3347324431
800.0	trace_distance	0.3291080594
800.0	trace_distance	0.3276118934
800.0	trace_distance	0.3309075236
800.0	trace_distance	0.3284622431
800.0	trace_distance	0.3531162739
800.0	trace_distance	0.3418339491
800.0	trace_distance	0.3400064409
800.0	trace_distance	0.3306106627
800.0	trace_distance	0.3275095820
800.0	trace_distance	0.3274952769
800.0	trace_distance	0.3273813128
800.0	trace_distance	0.3567789197
800.0	trace_distance	0.3302264214
800.0	trace_distance	0.3377003074
800.0	trace_distance	0.3310372233
800.0	trace_distance	0.3300022185
800.0	trace_distance	0.3273769319
800.0	trace_distance	0.3299066424
800.0	trace_distance	0.3273868561
800.0	trace_distance	0.3327470124
800.0	trace_distance	0.3392009735
800.0	trace_distance	0.3356133103
800.0	trace_distance	0.3279929161
800.0	trace_distance	0.3278669119
800.0	trace_distance	0.3285779357
800.0	trace_distance	0.3354842067
800.0	trace_distance	0.3294516802
800.0	trace_distance	0.3276361227
800.0	trace_distance	0.3296240568
800.0	trace_distance	0.3285857439
800.0	trace_distance	0.3273813426
800.0	trace_distance	0.3309945464
800.0	trace_distance	0.3274255991
800.0	trace_distance	0.3343810737
800.0	trace_distance	0.3279976845
800.0	trace_distance	0.3273900151
1200.0	fidelity1	0.7732032537
1200.0	fidelity1	0.7741791606
1200.0	fidelity1	0.7739289999
1200.0	fidelity1	0.7689781189
1200.0	fidelity1	0.7745122313
1200.0	fidelity1	0.7790274620
1200.0	fidelity1	0.7556772232
1200.0	fidelity1	0.7817547321
1200.0	fidelity1	0.7808063030
1200.0	fidelity1	0.7771939039
1200.0	fidelity1	0.7741742134
1200.0	fidelity1	0.7753950953
1200.0	fidelity1	0.7798335552
1200.0	fidelity1	0.7782092094
1200.0	fidelity1	0.7805746794
1200.0	fidelity1	0.7738000751
1200.0	fidelity1	0.7786208391
1200.0	fidelity1	0.7815820575
1200.0	fidelity1	0.7793228030
1200.0	fidelity1	0.7814530134
1200.0	fidelity1	0.7816464305
1200.0	fidelity1	0.7777714729
1200.0	fidelity1	0.7629277110
1200.0	fidelity1	0.7776861191
1200.0	fidelity1	0.7720570564
1200.0	fidelity1	0.7816984057
1200.0	fidelity1	0.7817403674
1200.0	fidelity1	0.7790935040
1200.0	fidelity1	0.7557420135
1200.0	fidelity1	0.7817577124
1200.0	fidelity1	0.7796496153
1200.0	fidelity1	0.7795238495
1200.0	fidelity1	0.7709126472
1200.0	fidelity1	0.7757920027
1200.0	fidelity1	0.7807583213
1200.0	fidelity1	0.7809818983
1200.0	fidelity1	0.7812848091
1200.0	fidelity1	0.7817573547
1200.0	fidelity1	0.7805039883
1200.0	fidelity1	0.7814247012
1200.0	fidelity1	0.7690176964
1200.0	fidelity1	0.7815388441
1200.0	fidelity1	0.7816551924
1200.0	fidelity1	0.7617413402
1200.0	fidelity1	0.7815895081
1200.0	fidelity1	0.7780141234
1200.0	fidelity1	0.7663151622
1200.0	fidelity1	0.7736320496
1200.0	fidelity1	0.7786625624
1200.0	fidelity1	0.7795664668
1200.0	fidelity1	0.7817581892
1200.0	fidelity1	0.7663121223
1200.0	fidelity1	0.7750792503
1200.0	fidelity1	0.7810313106
1200.0	fidelity1	0.7795615196
1200.0	fidelity1	0.7569316626
1200.0	fidelity1	0.7642340064
1200.0	fidelity1	0.7755052447
1200.0	fidelity1	0.7813817859
1200.0	fidelity1	0.7765638828
1200.0	fidelity1	0.7815806866
1200.0	fidelity1	0.7405826449
1200.0	fidelity1	0.7817527652
1200.0	fidelity1	0.7817570567
1200.0	fidelity1	0.7735363841
1200.0	fidelity1	0.7817430496
1200.0	fidelity1	0.7816653252
1200.0	fidelity1	0.7806985378
1200.0	fidelity1	0.7680158615
1200.0	fidelity1	0.7708262205
1200.0	fidelity1	0.7801669836
1200.0	fidelity1	0.7817430496
1200.0	fidelity1	0.7790341377
1200.0	fidelity1	0.7645606399
1200.0	fidelity1	0.7816624641
1200.0	fidelity1	0.7804481387
1200.0	fidelity1	0.7816432714
1200.0	fidelity1	0.7812194228
1200.0	fidelity1	0.7785994411
1200.0	fidelity1	0.7809140086
1200.0	fidelity1	0.7808147669
1200.0	fidelity1	0.7811568975
1200.0	fidelity1	0.7816371918
1200.0	fidelity1	0.7488843799
1200.0	fidelity1	0.7597011328
1200.0	fidelity1	0.7811293602
1200.0	fidelity1	0.7812845111
1200.0	fidelity1	0.7816826701
1200.0	fidelity1	0.7673788071
1200.0	fidelity1	0.7719360590
1200.0	fidelity1	0.7817012668
1200.0	fidelity1	0.7798914313
1200.0	fidelity1	0.7788376808
1200.0	fidelity1	0.7808822989
1200.0	fidelity1	0.7804891467
1200.0	fidelity1	0.7745129466
1200.0	fidelity1	0.7816267014
1200.0	fidelity1	0.7814065814
1200.0	fidelity1	0.7782938480
1200.0	fidelity1	0.7740381956
1200.0	trace_distance	0.3464086652
1200.0	trace_distance	0.3442892432
1200.0	trace_distance	0.3448334336
1200.0	trace_distance	0.3554385900
1200.0	trace_distance	0.3435627818
1200.0	trace_distance	0.3335604072
1200.0	trace_distance	0.3824763000
1200.0	trace_distance	0.3273709416
1200.0	trace_distance	0.3295362592
1200.0	trace_distance	0.3376578093
1200.0	trace_distance	0.3442998528
1200.0	trace_distance	0.3416298628
1200.0	trace_distance	0.3317430019
1200.0	trace_distance	0.3353951275
1200.0	trace_distance	0.3300633729
1200.0	trace_distance	0.3451138139
1200.0	trace_distance	0.3344735503
1200.0	trace_distance	0.3277660608
1200.0	trace_distance	0.3328956068
1200.0	trace_distance	0.3280611336
1200.0	trace_distance	0.3276190758
1200.0	trace_distance	0.3363727927
1200.0	trace_distance	0.3679839373
1200.0	trace_distance	0.3365627229
1200.0	trace_distance	0.3488815427
1200.0	trace_distance	0.3274997771
1200.0	trace_distance	0.3274036050
1200.0	trace_distance	0.3334118724
1200.0	trace_distance	0.3823490143
1200.0	trace_distance	0.3273643255
1200.0	trace_distance	0.3321585655
1200.0	trace_distance	0.3324425817
1200.0	trace_distance	0.3513328731
1200.0	trace_distance	0.3407576084
1200.0	trace_distance	0.3296455741
1200.0	trace_distance	0.3291366994
1200.0	trace_distance	0.3284456134
1200.0	trace_distance	0.3273649216
1200.0	trace_distance	0.3302237988
1200.0	trace_distance	0.3281261325
1200.0	trace_distance	0.3553553522
1200.0	trace_distance	0.3278649747
1200.0	trace_distance	0.3275988102
1200.0	trace_distance	0.3703940511
1200.0	trace_distance	0.3277491927
1200.0	trace_distance	0.3358308673
1200.0	trace_distance	0.3610140681
1200.0	trace_distance	0.3454786539
1200.0	trace_distance	0.3343799710
1200.0	trace_distance	0.3323462605
1200.0	trace_distance	0.3273630738
1200.0	trace_distance	0.3610205054
1200.0	trace_distance	0.3423227072
1200.0	trace_distance	0.3290241659
1200.0	trace_distance	0.3323577642
1200.0	trace_distance	0.3800081611
1200.0	trace_distance	0.3653118610
1200.0	trace_distance	0.3413884640
1200.0	trace_distance	0.3282243609
1200.0	trace_distance	0.3390544951
1200.0	trace_distance	0.3277691007
1200.0	trace_distance	0.4110107422
1200.0	trace_distance	0.3273751140
1200.0	trace_distance	0.3273653984
1200.0	trace_distance	0.3456866145
1200.0	trace_distance	0.3273975849
1200.0	trace_distance	0.3275754452
1200.0	trace_distance	0.3297817707
1200.0	trace_distance	0.3574633002
1200.0	trace_distance	0.3515172601
1200.0	trace_distance	0.3309881091
1200.0	trace_distance	0.3273976445
1200.0	trace_distance	0.3335453868
1200.0	trace_distance	0.3646407425
1200.0	trace_distance	0.3275820017
1200.0	trace_distance	0.3303503394
1200.0	trace_distance	0.3276259601
1200.0	trace_distance	0.3285948634
1200.0	trace_distance	0.3345215321
1200.0	trace_distance	0.3292915225
1200.0	trace_distance	0.3295173347
1200.0	trace_distance	0.3287376761
1200.0	trace_distance	0.3276397586
1200.0	trace_distance	0.3955718279
1200.0	trace_distance	0.3745030165
1200.0	trace_distance	0.3287998438
1200.0	trace_distance	0.3284460604
1200.0	trace_distance	0.3275358677
1200.0	trace_distance	0.3587968946
1200.0	trace_distance	0.3491417170
1200.0	trace_distance	0.3274931312
1200.0	trace_distance	0.3316121101
1200.0	trace_distance	0.3339868784
1200.0	trace_distance	0.3293637633
1200.0	trace_distance	0.3302572966
1200.0	trace_distance	0.3435610533
1200.0	trace_distance	0.3276637197
1200.0	trace_distance	0.3281673193
1200.0	trace_distance	0.3352061510
1200.0	trace_distance	0.3445962667
2400.0	fidelity1	0.7809903026
2400.0	fidelity1	0.7814003825
2400.0	fidelity1	0.7810794711
2400.0	fidelity1	0.7790093422
2400.0	fidelity1	0.7814217806
2400.0	fidelity1	0.7787250280
2400.0	fidelity1	0.7793587446
2400.0	fidelity1	0.7810971141
2400.0	fidelity1	0.7810690403
2400.0	fidelity1	0.7798229456
2400.0	fidelity1	0.7812439799
2400.0	fidelity1	0.7815453410
2400.0	fidelity1	0.7816778421
2400.0	fidelity1	0.7816171646
2400.0	fidelity1	0.7814625502
2400.0	fidelity1	0.7811988592
2400.0	fidelity1	0.7810066938
2400.0	fidelity1	0.7759876251
2400.0	fidelity1	0.7815999985
2400.0	fidelity1	0.7809448242
2400.0	fidelity1	0.7810821533
2400.0	fidelity1	0.7792586088
2400.0	fidelity1	0.7805650234
2400.0	fidelity1	0.7817084789
2400.0	fidelity1	0.7815357447
2400.0	fidelity1	0.7791242599
2400.0	fidelity1	0.7799253464
2400.0	fidelity1	0.7810148001
2400.0	fidelity1	0.7816345096
2400.0	fidelity1	0.7807116508
2400.0	fidelity1	0.7813875079
2400.0	fidelity1	0.7810463905
2400.0	fidelity1	0.7809483409
2400.0	fidelity1	0.7807121277
2400.0	fidelity1	0.7801173925
2400.0	fidelity1	0.7810057402
2400.0	fidelity1	0.7766311169
2400.0	fidelity1	0.7791217566
2400.0	fidelity1	0.7807941437
2400.0	fidelity1	0.7781209946
2400.0	fidelity1	0.7816578746
2400.0	fidelity1	0.7800323963
2400.0	fidelity1	0.7814803123
2400.0	fidelity1	0.7816513777
2400.0	fidelity1	0.7749316096
2400.0	fidelity1	0.7809567451
2400.0	fidelity1	0.7742123604
2400.0	fidelity1	0.7816343307
2400.0	fidelity1	0.7816728354
2400.0	fidelity1	0.7763725519
2400.0	fidelity1	0.7801628113
2400.0	fidelity1	0.7817453742
2400.0	fidelity1	0.7817575932
2400.0	fidelity1	0.7795753479
2400.0	fidelity1	0.7817522883
2400.0	fidelity1	0.7781690359
2400.0	fidelity1	0.7799967527
2400.0	fidelity1	0.7763897777
2400.0	fidelity1	0.7816655636
2400.0	fidelity1	0.7794451714
2400.0	fidelity1	0.7778886557
2400.0	fidelity1	0.7810691595
2400.0	fidelity1	0.7794313431
2400.0	fidelity1	0.7786129713
2400.0	fidelity1	0.7816672325
2400.0	fidelity1	0.7766927481
2400.0	fidelity1	0.7817294598
2400.0	fidelity1	0.7817532420
2400.0	fidelity1	0.7812762260
2400.0	fidelity1	0.7812299728
2400.0	fidelity1	0.7776533961
2400.0	fidelity1	0.7813367844
2400.0	fidelity1	0.7817444205
2400.0	fidelity1	0.7814644575
2400.0	fidelity1	0.7817572951
2400.0	fidelity1	0.7816237211
2400.0	fidelity1	0.7815556526
2400.0	fidelity1	0.7799031138
2400.0	fidelity1	0.7814174891
2400.0	fidelity1	0.7816373706
2400.0	fidelity1	0.7813363075
2400.0	fidelity1	0.7808915377
2400.0	fidelity1	0.7811591029
2400.0	fidelity1	0.7793129683
2400.0	fidelity1	0.7794522643
2400.0	fidelity1	0.7813720703
2400.0	fidelity1	0.7788788676
2400.0	fidelity1	0.7786340714
2400.0	fidelity1	0.7795152664
2400.0	fidelity1	0.7799355388
2400.0	fidelity1	0.7816417217
2400.0	fidelity1	0.7814945579
2400.0	fidelity1	0.7796532512
2400.0	fidelity1	0.7813200951
2400.0	fidelity1	0.7789629698
2400.0	fidelity1	0.7816681862
2400.0	fidelity1	0.7813287973
2400.0	fidelity1	0.7796718478
2400.0	fidelity1	0.7816553116
2400.0	fidelity1	0.7798905373
2400.0	trace_distance	0.3291175067
2400.0	trace_distance	0.3281819224
2400.0	trace_distance	0.3289139867
2400.0	trace_distance	0.3336011767
2400.0	trace_distance	0.3281327784
2400.0	trace_distance	0.3342398405
2400.0	trace_distance	0.3328142166
2400.0	trace_distance	0.3288741410
2400.0	trace_distance	0.3289379478
2400.0	trace_distance	0.3317673206
2400.0	trace_distance	0.3285392225
2400.0	trace_distance	0.3278501928
2400.0	trace_distance	0.3275468647
2400.0	trace_distance	0.3276861906
2400.0	trace_distance	0.3280392885
2400.0	trace_distance	0.3286423087
2400.0	trace_distance	0.3290802836
2400.0	trace_distance	0.3403271437
2400.0	trace_distance	0.3277248740
2400.0	trace_distance	0.3292213678
2400.0	trace_distance	0.3289079666
2400.0	trace_distance	0.3330406845
2400.0	trace_distance	0.3300849199
2400.0	trace_distance	0.3274771571
2400.0	trace_distance	0.3278720975
2400.0	trace_distance	0.3333424330
2400.0	trace_distance	0.3315347135
2400.0	trace_distance	0.3290617466
2400.0	trace_distance	0.3276461959
2400.0	trace_distance	0.3297520876
2400.0	trace_distance	0.3282114565
2400.0	trace_distance	0.3289894462
2400.0	trace_distance	0.3292136490
2400.0	trace_distance	0.3297507167
2400.0	trace_distance	0.3311004043
2400.0	trace_distance	0.3290821314
2400.0	trace_distance	0.3389056027
2400.0	trace_distance	0.3333489299
2400.0	trace_distance	0.3295639157
2400.0	trace_distance	0.3355922103
2400.0	trace_distance	0.3275923729
2400.0	trace_distance	0.3312931061
2400.0	trace_distance	0.3279986978
2400.0	trace_distance	0.3276081979
2400.0	trace_distance	0.3426459730
2400.0	trace_distance	0.3291940987
2400.0	trace_distance	0.3442164660
2400.0	trace_distance	0.3276467323
2400.0	trace_distance	0.3275581598
2400.0	trace_distance	0.3394775987
2400.0	trace_distance	0.3309980035
2400.0	trace_distance	0.3273922503
2400.0	trace_distance	0.3273642063
2400.0	trace_distance	0.3323262930
2400.0	trace_distance	0.3273761868
2400.0	trace_distance	0.3354848623
2400.0	trace_distance	0.3313744664
2400.0	trace_distance	0.3394398689
2400.0	trace_distance	0.3275749087
2400.0	trace_distance	0.3326195478
2400.0	trace_distance	0.3361114264
2400.0	trace_distance	0.3289375305
2400.0	trace_distance	0.3326506615
2400.0	trace_distance	0.3344908357
2400.0	trace_distance	0.3275713921
2400.0	trace_distance	0.3387694955
2400.0	trace_distance	0.3274289966
2400.0	trace_distance	0.3273744583
2400.0	trace_distance	0.3284650445
2400.0	trace_distance	0.3285709023
2400.0	trace_distance	0.3366357684
2400.0	trace_distance	0.3283275366
2400.0	trace_distance	0.3273942471
2400.0	trace_distance	0.3280357122
2400.0	trace_distance	0.3273646235
2400.0	trace_distance	0.3276710510
2400.0	trace_distance	0.3278264403
2400.0	trace_distance	0.3315860629
2400.0	trace_distance	0.3281426430
2400.0	trace_distance	0.3276394010
2400.0	trace_distance	0.3283280134
2400.0	trace_distance	0.3293422461
2400.0	trace_distance	0.3287324011
2400.0	trace_distance	0.3329181969
2400.0	trace_distance	0.3326037526
2400.0	trace_distance	0.3282458186
2400.0	trace_distance	0.3338944316
2400.0	trace_distance	0.3344435692
2400.0	trace_distance	0.3324615061
2400.0	trace_distance	0.3315125108
2400.0	trace_distance	0.3276298344
2400.0	trace_distance	0.3279664814
2400.0	trace_distance	0.3321499825
2400.0	trace_distance	0.3283651471
2400.0	trace_distance	0.3337056935
2400.0	trace_distance	0.3275693059
2400.0	trace_distance	0.3283448219
2400.0	trace_distance	0.3321088552
2400.0	trace_distance	0.3275983334
2400.0	trace_distance	0.3316142857
5000.0	fidelity1	0.7817584276
5000.0	fidelity1	0.7815636396
5000.0	fidelity1	0.7813410759
5000.0	fidelity1	0.7816038132
5000.0	fidelity1	0.7814778090
5000.0	fidelity1	0.7817066908
5000.0	fidelity1	0.7813948393
5000.0	fidelity1	0.7813431025
5000.0	fidelity1	0.7800307274
5000.0	fidelity1	0.7814657688
5000.0	fidelity1	0.7806951404
5000.0	fidelity1	0.7817444801
5000.0	fidelity1	0.7805604339
5000.0	fidelity1	0.7816182971
5000.0	fidelity1	0.7803399563
5000.0	fidelity1	0.7812694311
5000.0	fidelity1	0.7812771201
5000.0	fidelity1	0.7815326452
5000.0	fidelity1	0.7809631228
5000.0	fidelity1	0.7816524506
5000.0	fidelity1	0.7814437747
5000.0	fidelity1	0.7786607146
5000.0	fidelity1	0.7817493677
5000.0	fidelity1	0.7817577124
5000.0	fidelity1	0.7811824679
5000.0	fidelity1	0.7808913589
5000.0	fidelity1	0.7815331221
5000.0	fidelity1	0.7809182405
5000.0	fidelity1	0.7800695300
5000.0	fidelity1	0.7807308435
5000.0	fidelity1	0.7814273238
5000.0	fidelity1	0.7813771963
5000.0	fidelity1	0.7817298770
5000.0	fidelity1	0.7817502022
5000.0	fidelity1	0.7815770507
5000.0	fidelity1	0.7775287628
5000.0	fidelity1	0.7808283567
5000.0	fidelity1	0.7813028097
5000.0	fidelity1	0.7815397978
5000.0	fidelity1	0.7812091112
5000.0	fidelity1	0.7811259627
5000.0	fidelity1	0.7810044289
5000.0	fidelity1	0.7815843821
5000.0	fidelity1	0.7815474272
5000.0	fidelity1	0.7817581892
5000.0	fidelity1	0.7817248106
5000.0	fidelity1	0.7817578316
5000.0	fidelity1	0.7807407379
5000.0	fidelity1	0.7814686298
5000.0	fidelity1	0.7788978815
5000.0	fidelity1	0.7816280127
5000.0	fidelity1	0.7817535400
5000.0	fidelity1	0.7792650461
5000.0	fidelity1	0.7813544273
5000.0	fidelity1	0.7817502022
5000.0	fidelity1	0.7816039324
5000.0	fidelity1	0.7798589468
5000.0	fidelity1	0.7811212540
5000.0	fidelity1	0.7816110849
5000.0	fidelity1	0.7816187739
5000.0	fidelity1	0.7817260623
5000.0	fidelity1	0.7817379832
5000.0	fidelity1	0.7817481756
5000.0	fidelity1	0.7796213031
5000.0	fidelity1	0.7800923586
5000.0	fidelity1	0.7813602686
5000.0	fidelity1	0.7816883922
5000.0	fidelity1	0.7817568779
5000.0	fidelity1	0.7815577984
5000.0	fidelity1	0.7815088034
5000.0	fidelity1	0.7816559672
5000.0	fidelity1	0.7813549042
5000.0	fidelity1	0.7814335823
5000.0	fidelity1	0.7816831470
5000.0	fidelity1	0.7817468643
5000.0	fidelity1	0.7808886766
5000.0	fidelity1	0.7810624838
5000.0	fidelity1	0.7814342380
5000.0	fidelity1	0.7815324068
5000.0	fidelity1	0.7817246318
5000.0	fidelity1	0.7780386806
5000.0	fidelity1	0.7814935446
5000.0	fidelity1	0.7811565399
5000.0	fidelity1	0.7817131281
5000.0	fidelity1	0.7814669013
5000.0	fidelity1	0.7809323668
5000.0	fidelity1	0.7804152369
5000.0	fidelity1	0.7812057734
5000.0	fidelity1	0.7815915942
5000.0	fidelity1	0.7807480693
5000.0	fidelity1	0.7814608812
5000.0	fidelity1	0.7803628445
5000.0	fidelity1	0.7814867496
5000.0	fidelity1	0.7806676626
5000.0	fidelity1	0.7817502022
5000.0	fidelity1	0.7799147367
5000.0	fidelity1	0.7817470431
5000.0	fidelity1	0.7817513943
5000.0	fidelity1	0.7817572355
5000.0	fidelity1	0.7802933455
5000.0	trace_distance	0.3273626566
5000.0	trace_distance	0.3278087676
5000.0	trace_distance	0.3283169270
5000.0	trace_distance	0.3277167678
5000.0	trace_distance	0.3280048370
5000.0	trace_distance	0.3274802566
5000.0	trace_distance	0.3281946182
5000.0	trace_distance	0.3283126056
5000.0	trace_distance	0.3312969208
5000.0	trace_distance	0.3280321360
5000.0	trace_distance	0.3297884464
5000.0	trace_distance	0.3273950219
5000.0	trace_distance	0.3300949037
5000.0	trace_distance	0.3276836574
5000.0	trace_distance	0.3305966854
5000.0	trace_distance	0.3284806013
5000.0	trace_distance	0.3284625411
5000.0	trace_distance	0.3278790712
5000.0	trace_distance	0.3291799426
5000.0	trace_distance	0.3276045620
5000.0	trace_distance	0.3280821741
5000.0	trace_distance	0.3343848586
5000.0	trace_distance	0.3273829818
5000.0	trace_distance	0.3273638487
5000.0	trace_distance	0.3286789060
5000.0	trace_distance	0.3293430507
5000.0	trace_distance	0.3278779387
5000.0	trace_distance	0.3292818964
5000.0	trace_distance	0.3312097192
5000.0	trace_distance	0.3297081888
5000.0	trace_distance	0.3281201124
5000.0	trace_distance	0.3282347620
5000.0	trace_distance	0.3274269700
5000.0	trace_distance	0.3273811340
5000.0	trace_distance	0.3277776837
5000.0	trace_distance	0.3369126320
5000.0	trace_distance	0.3294869065
5000.0	trace_distance	0.3284048438
5000.0	trace_distance	0.3278625011
5000.0	trace_distance	0.3286184669
5000.0	trace_distance	0.3288088441
5000.0	trace_distance	0.3290856779
5000.0	trace_distance	0.3277615607
5000.0	trace_distance	0.3278451562
5000.0	trace_distance	0.3273633122
5000.0	trace_distance	0.3274395466
5000.0	trace_distance	0.3273634315
5000.0	trace_distance	0.3296853304
5000.0	trace_distance	0.3280253410
5000.0	trace_distance	0.3338519931
5000.0	trace_distance	0.3276612163
5000.0	trace_distance	0.3273729682
5000.0	trace_distance	0.3330252171
5000.0	trace_distance	0.3282867670
5000.0	trace_distance	0.3273810148
5000.0	trace_distance	0.3277169466
5000.0	trace_distance	0.3316860199
5000.0	trace_distance	0.3288185298
5000.0	trace_distance	0.3276999593
5000.0	trace_distance	0.3276812434
5000.0	trace_distance	0.3274362683
5000.0	trace_distance	0.3274098039
5000.0	trace_distance	0.3273862004
5000.0	trace_distance	0.3322219253
5000.0	trace_distance	0.3311569095
5000.0	trace_distance	0.3282727003
5000.0	trace_distance	0.3275231123
5000.0	trace_distance	0.3273657262
5000.0	trace_distance	0.3278216422
5000.0	trace_distance	0.3279340267
5000.0	trace_distance	0.3275958896
5000.0	trace_distance	0.3282852769
5000.0	trace_distance	0.3281060457
5000.0	trace_distance	0.3275341094
5000.0	trace_distance	0.3273888230
5000.0	trace_distance	0.3293485641
5000.0	trace_distance	0.3289532661
5000.0	trace_distance	0.3281046748
5000.0	trace_distance	0.3278803825
5000.0	trace_distance	0.3274401426
5000.0	trace_distance	0.3357761502
5000.0	trace_distance	0.3279686570
5000.0	trace_distance	0.3287386596
5000.0	trace_distance	0.3274646401
5000.0	trace_distance	0.3280295730
5000.0	trace_distance	0.3292495608
5000.0	trace_distance	0.3304247260
5000.0	trace_distance	0.3286258578
5000.0	trace_distance	0.3277438581
5000.0	trace_distance	0.3296691179
5000.0	trace_distance	0.3280434012
5000.0	trace_distance	0.3305442929
5000.0	trace_distance	0.3279843330
5000.0	trace_distance	0.3298522532
5000.0	trace_distance	0.3273814321
5000.0	trace_distance	0.3315595686
5000.0	trace_distance	0.3273884654
5000.0	trace_distance	0.3273786604
5000.0	trace_distance	0.3273646235
5000.0	trace_distance	0.3307024837
8000.0	fidelity1	0.7806102633
8000.0	fidelity1	0.7816044688
8000.0	fidelity1	0.7788693309
8000.0	fidelity1	0.7806136012
8000.0	fidelity1	0.7812017202
8000.0	fidelity1	0.7812361717
8000.0	fidelity1	0.7806802988
8000.0	fidelity1	0.7805681229
8000.0	fidelity1	0.7816580534
8000.0	fidelity1	0.7812239528
8000.0	fidelity1	0.7809958458
8000.0	fidelity1	0.7812971473
8000.0	fidelity1	0.7816048861
8000.0	fidelity1	0.7817575336
8000.0	fidelity1	0.7817281485
8000.0	fidelity1	0.7816771269
8000.0	fidelity1	0.7816960216
8000.0	fidelity1	0.7812165022
8000.0	fidelity1	0.7809849977
8000.0	fidelity1	0.7783564925
8000.0	fidelity1	0.7806729674
8000.0	fidelity1	0.7780809402
8000.0	fidelity1	0.7789925933
8000.0	fidelity1	0.7817047834
8000.0	fidelity1	0.7817496061
8000.0	fidelity1	0.7815585136
8000.0	fidelity1	0.7803786993
8000.0	fidelity1	0.7813959122
8000.0	fidelity1	0.7814137340
8000.0	fidelity1	0.7816828489
8000.0	fidelity1	0.7814786434
8000.0	fidelity1	0.7817064524
8000.0	fidelity1	0.7817578316
8000.0	fidelity1	0.7816386223
8000.0	fidelity1	0.7814633250
8000.0	fidelity1	0.7737258673
8000.0	fidelity1	0.7801854014
8000.0	fidelity1	0.7817532420
8000.0	fidelity1	0.7812641859
8000.0	fidelity1	0.7805091739
8000.0	fidelity1	0.7806434035
8000.0	fidelity1	0.7811929584
8000.0	fidelity1	0.7797302008
8000.0	fidelity1	0.7817427516
8000.0	fidelity1	0.7761923671
8000.0	fidelity1	0.7817007899
8000.0	fidelity1	0.7803580165
8000.0	fidelity1	0.7811455727
8000.0	fidelity1	0.7815033197
8000.0	fidelity1	0.7817465663
8000.0	fidelity1	0.7810057402
8000.0	fidelity1	0.7814347148
8000.0	fidelity1	0.7816007137
8000.0	fidelity1	0.7815698385
8000.0	fidelity1	0.7795802355
8000.0	fidelity1	0.7815866470
8000.0	fidelity1	0.7792112231
8000.0	fidelity1	0.7807630301
8000.0	fidelity1	0.7812227011
8000.0	fidelity1	0.7815725207
8000.0	fidelity1	0.7786564827
8000.0	fidelity1	0.7817441821
8000.0	fidelity1	0.7776449919
8000.0	fidelity1	0.7813956141
8000.0	fidelity1	0.7804073095
8000.0	fidelity1	0.7817367315
8000.0	fidelity1	0.7805390358
8000.0	fidelity1	0.7813500166
8000.0	fidelity1	0.7815502882
8000.0	fidelity1	0.7816909552
8000.0	fidelity1	0.7805783153
8000.0	fidelity1	0.7780604362
8000.0	fidelity1	0.7816567421
8000.0	fidelity1	0.7815005183
8000.0	fidelity1	0.7815715671
8000.0	fidelity1	0.7790490985
8000.0	fidelity1	0.7816953659
8000.0	fidelity1	0.7801985741
8000.0	fidelity1	0.7816659212
8000.0	fidelity1	0.7817584276
8000.0	fidelity1	0.7808089256
8000.0	fidelity1	0.7808186412
8000.0	fidelity1	0.7817399502
8000.0	fidelity1	0.7817368507
8000.0	fidelity1	0.7814197540
8000.0	fidelity1	0.7813094854
8000.0	fidelity1	0.7810190916
8000.0	fidelity1	0.7758806944
8000.0	fidelity1	0.7804540992
8000.0	fidelity1	0.7817103267
8000.0	fidelity1	0.7815009952
8000.0	fidelity1	0.7782544494
8000.0	fidelity1	0.7811450958
8000.0	fidelity1	0.7811726332
8000.0	fidelity1	0.7817376852
8000.0	fidelity1	0.7817564011
8000.0	fidelity1	0.7817070484
8000.0	fidelity1	0.7775630951
8000.0	fidelity1	0.7795574069
8000.0	fidelity1	0.7816799879
8000.0	trace_distance	0.3299826086
8000.0	trace_distance	0.3277149796
8000.0	trace_distance	0.3339160085
8000.0	trace_distance	0.3299745917
8000.0	trace_distance	0.3286353350
8000.0	trace_distance	0.3285566568
8000.0	trace_distance	0.3298226893
8000.0	trace_distance	0.3300782442
8000.0	trace_distance	0.3275921643
8000.0	trace_distance	0.3285838068
8000.0	trace_distance	0.3291049302
8000.0	trace_distance	0.3284173608
8000.0	trace_distance	0.3277140856
8000.0	trace_distance	0.3273651302
8000.0	trace_distance	0.3274318576
8000.0	trace_distance	0.3275485039
8000.0	trace_distance	0.3275053799
8000.0	trace_distance	0.3286015987
8000.0	trace_distance	0.3291291595
8000.0	trace_distance	0.3350653052
8000.0	trace_distance	0.3298399448
8000.0	trace_distance	0.3356817663
8000.0	trace_distance	0.3336392641
8000.0	trace_distance	0.3274854124
8000.0	trace_distance	0.3273824453
8000.0	trace_distance	0.3278194666
8000.0	trace_distance	0.3305082321
8000.0	trace_distance	0.3281928301
8000.0	trace_distance	0.3281509876
8000.0	trace_distance	0.3275352120
8000.0	trace_distance	0.3280025721
8000.0	trace_distance	0.3274815083
8000.0	trace_distance	0.3273633122
8000.0	trace_distance	0.3276364803
8000.0	trace_distance	0.3280382156
8000.0	trace_distance	0.3452755213
8000.0	trace_distance	0.3309470415
8000.0	trace_distance	0.3273740411
8000.0	trace_distance	0.3284928203
8000.0	trace_distance	0.3302113116
8000.0	trace_distance	0.3299072385
8000.0	trace_distance	0.3286551833
8000.0	trace_distance	0.3319764733
8000.0	trace_distance	0.3273994625
8000.0	trace_distance	0.3398754597
8000.0	trace_distance	0.3274945319
8000.0	trace_distance	0.3305553794
8000.0	trace_distance	0.3287632465
8000.0	trace_distance	0.3279464841
8000.0	trace_distance	0.3273898363
8000.0	trace_distance	0.3290831447
8000.0	trace_distance	0.3281031251
8000.0	trace_distance	0.3277229667
8000.0	trace_distance	0.3277932107
8000.0	trace_distance	0.3323151469
8000.0	trace_distance	0.3277558088
8000.0	trace_distance	0.3331468701
8000.0	trace_distance	0.3296344280
8000.0	trace_distance	0.3285880089
8000.0	trace_distance	0.3277882636
8000.0	trace_distance	0.3343923390
8000.0	trace_distance	0.3273942471
8000.0	trace_distance	0.3366544843
8000.0	trace_distance	0.3281926513
8000.0	trace_distance	0.3304426074
8000.0	trace_distance	0.3274122179
8000.0	trace_distance	0.3301443160
8000.0	trace_distance	0.3282968998
8000.0	trace_distance	0.3278390765
8000.0	trace_distance	0.3275174499
8000.0	trace_distance	0.3300554752
8000.0	trace_distance	0.3357273340
8000.0	trace_distance	0.3275949359
8000.0	trace_distance	0.3279531598
8000.0	trace_distance	0.3277907968
8000.0	trace_distance	0.3335116506
8000.0	trace_distance	0.3275060654
8000.0	trace_distance	0.3309168816
8000.0	trace_distance	0.3275739551
8000.0	trace_distance	0.3273626566
8000.0	trace_distance	0.3295298219
8000.0	trace_distance	0.3295090199
8000.0	trace_distance	0.3274055421
8000.0	trace_distance	0.3274116218
8000.0	trace_distance	0.3281356692
8000.0	trace_distance	0.3283889890
8000.0	trace_distance	0.3290517926
8000.0	trace_distance	0.3405625820
8000.0	trace_distance	0.3303371966
8000.0	trace_distance	0.3274729252
8000.0	trace_distance	0.3279507756
8000.0	trace_distance	0.3352932930
8000.0	trace_distance	0.3287636638
8000.0	trace_distance	0.3287020922
8000.0	trace_distance	0.3274093270
8000.0	trace_distance	0.3273668885
8000.0	trace_distance	0.3274804354
8000.0	trace_distance	0.3368374407
8000.0	trace_distance	0.3323662877
8000.0	trace_distance	0.3275409937
20000.0	fidelity1	0.7814126015
20000.0	fidelity1	0.7795042992
20000.0	fidelity1	0.7800940871
20000.0	fidelity1	0.7815784812
20000.0	fidelity1	0.7800641060
20000.0	fidelity1	0.7797425985
20000.0	fidelity1	0.7813016772
20000.0	fidelity1	0.7808930278
20000.0	fidelity1	0.7811533213
20000.0	fidelity1	0.7809490561
20000.0	fidelity1	0.7817525864
20000.0	fidelity1	0.7817408442
20000.0	fidelity1	0.7810434103
20000.0	fidelity1	0.7817440033
20000.0	fidelity1	0.7810856700
20000.0	fidelity1	0.7807184458
20000.0	fidelity1	0.7815267444
20000.0	fidelity1	0.7787327766
20000.0	fidelity1	0.7816793323
20000.0	fidelity1	0.7813358307
20000.0	fidelity1	0.7816716433
20000.0	fidelity1	0.7816581726
20000.0	fidelity1	0.7817521095
20000.0	fidelity1	0.7791134715
20000.0	fidelity1	0.7817006111
20000.0	fidelity1	0.7810775638
20000.0	fidelity1	0.7806143761
20000.0	fidelity1	0.7813904285
20000.0	fidelity1	0.7814707756
20000.0	fidelity1	0.7817486525
20000.0	fidelity1	0.7812907100
20000.0	fidelity1	0.7801059484
20000.0	fidelity1	0.7816621661
20000.0	fidelity1	0.7815479040
20000.0	fidelity1	0.7815304995
20000.0	fidelity1	0.7817239761
20000.0	fidelity1	0.7810145617
20000.0	fidelity1	0.7807240486
20000.0	fidelity1	0.7816561460
20000.0	fidelity1	0.7814459801
20000.0	fidelity1	0.7816457748
20000.0	fidelity1	0.7816063762
20000.0	fidelity1	0.7811697721
20000.0	fidelity1	0.7778153419
20000.0	fidelity1	0.7816493511
20000.0	fidelity1	0.7815699577
20000.0	fidelity1	0.7815465927
20000.0	fidelity1	0.7817578316
20000.0	fidelity1	0.7800154686
20000.0	fidelity1	0.7816902995
20000.0	fidelity1	0.7817472219
20000.0	fidelity1	0.7810114622
20000.0	fidelity1	0.7772859931
20000.0	fidelity1	0.7806412578
20000.0	fidelity1	0.7817144394
20000.0	fidelity1	0.7815482020
20000.0	fidelity1	0.7799153328
20000.0	fidelity1	0.7808605433
20000.0	fidelity1	0.7812830806
20000.0	fidelity1	0.7813830376
20000.0	fidelity1	0.7814192772
20000.0	fidelity1	0.7817090750
20000.0	fidelity1	0.7810133696
20000.0	fidelity1	0.7816969752
20000.0	fidelity1	0.7816359401
20000.0	fidelity1	0.7815040350
20000.0	fidelity1	0.7817532420
20000.0	fidelity1	0.7813581228
20000.0	fidelity1	0.7812661529
20000.0	fidelity1	0.7815399170
20000.0	fidelity1	0.7816700935
20000.0	fidelity1	0.7788624167
20000.0	fidelity1	0.7801526785
20000.0	fidelity1	0.7799634337
20000.0	fidelity1	0.7813321948
20000.0	fidelity1	0.7812089920
20000.0	fidelity1	0.7815136313
20000.0	fidelity1	0.7813246250
20000.0	fidelity1	0.7817416191
20000.0	fidelity1	0.7817586660
20000.0	fidelity1	0.7796043158
20000.0	fidelity1	0.7817546129
20000.0	fidelity1	0.7815327644
20000.0	fidelity1	0.7810849547
20000.0	fidelity1	0.7812447548
20000.0	fidelity1	0.7812039256
20000.0	fidelity1	0.7813873291
20000.0	fidelity1	0.7788850069
20000.0	fidelity1	0.7811992168
20000.0	fidelity1	0.7801505923
20000.0	fidelity1	0.7817408442
20000.0	fidelity1	0.7817415595
20000.0	fidelity1	0.7795686126
20000.0	fidelity1	0.7816559672
20000.0	fidelity1	0.7808170319
20000.0	fidelity1	0.7815520167
20000.0	fidelity1	0.7815799713
20000.0	fidelity1	0.7813200951
20000.0	fidelity1	0.7817376852
20000.0	fidelity1	0.7797643542
20000.0	trace_distance	0.3281529546
20000.0	trace_distance	0.3324866295
20000.0	trace_distance	0.3311528265
20000.0	trace_distance	0.3277744055
20000.0	trace_distance	0.3312216699
20000.0	trace_distance	0.3319475353
20000.0	trace_distance	0.3284079731
20000.0	trace_distance	0.3293381333
20000.0	trace_distance	0.3287460506
20000.0	trace_distance	0.3292115331
20000.0	trace_distance	0.3273750544
20000.0	trace_distance	0.3274021745
20000.0	trace_distance	0.3289986849
20000.0	trace_distance	0.3273956776
20000.0	trace_distance	0.3289017081
20000.0	trace_distance	0.3297372162
20000.0	trace_distance	0.3278927207
20000.0	trace_distance	0.3342224956
20000.0	trace_distance	0.3275420070
20000.0	trace_distance	0.3283290863
20000.0	trace_distance	0.3275614381
20000.0	trace_distance	0.3275917768
20000.0	trace_distance	0.3273767829
20000.0	trace_distance	0.3333671093
20000.0	trace_distance	0.3274952471
20000.0	trace_distance	0.3289167881
20000.0	trace_distance	0.3299729228
20000.0	trace_distance	0.3282052875
20000.0	trace_distance	0.3280208707
20000.0	trace_distance	0.3273838460
20000.0	trace_distance	0.3284320235
20000.0	trace_distance	0.3311264813
20000.0	trace_distance	0.3275831342
20000.0	trace_distance	0.3278415799
20000.0	trace_distance	0.3278845549
20000.0	trace_distance	0.3274387121
20000.0	trace_distance	0.3290621042
20000.0	trace_distance	0.3297211528
20000.0	trace_distance	0.3275955319
20000.0	trace_distance	0.3280775547
20000.0	trace_distance	0.3276200891
20000.0	trace_distance	0.3277109563
20000.0	trace_distance	0.3287082016
20000.0	trace_distance	0.3362737298
20000.0	trace_distance	0.3276125193
20000.0	trace_distance	0.3277953863
20000.0	trace_distance	0.3278473020
20000.0	trace_distance	0.3273631334
20000.0	trace_distance	0.3313313723
20000.0	trace_distance	0.3275188208
20000.0	trace_distance	0.3273878694
20000.0	trace_distance	0.3290681243
20000.0	trace_distance	0.3374539018
20000.0	trace_distance	0.3299117088
20000.0	trace_distance	0.3274620771
20000.0	trace_distance	0.3278418779
20000.0	trace_distance	0.3315547109
20000.0	trace_distance	0.3294146955
20000.0	trace_distance	0.3284492493
20000.0	trace_distance	0.3282205462
20000.0	trace_distance	0.3281363845
20000.0	trace_distance	0.3274726868
20000.0	trace_distance	0.3290652037
20000.0	trace_distance	0.3275019228
20000.0	trace_distance	0.3276430368
20000.0	trace_distance	0.3279439211
20000.0	trace_distance	0.3273742199
20000.0	trace_distance	0.3282742500
20000.0	trace_distance	0.3284915090
20000.0	trace_distance	0.3278621435
20000.0	trace_distance	0.3275647461
20000.0	trace_distance	0.3339322209
20000.0	trace_distance	0.3310169578
20000.0	trace_distance	0.3314502835
20000.0	trace_distance	0.3283373713
20000.0	trace_distance	0.3286179900
20000.0	trace_distance	0.3279222846
20000.0	trace_distance	0.3283564448
20000.0	trace_distance	0.3274005651
20000.0	trace_distance	0.3273627758
20000.0	trace_distance	0.3322609365
20000.0	trace_distance	0.3273711205
20000.0	trace_distance	0.3278805017
20000.0	trace_distance	0.3289046288
20000.0	trace_distance	0.3285387158
20000.0	trace_distance	0.3286300600
20000.0	trace_distance	0.3282113075
20000.0	trace_distance	0.3338809013
20000.0	trace_distance	0.3286412954
20000.0	trace_distance	0.3310255408
20000.0	trace_distance	0.3274026513
20000.0	trace_distance	0.3274015486
20000.0	trace_distance	0.3323416114
20000.0	trace_distance	0.3275942802
20000.0	trace_distance	0.3295139670
20000.0	trace_distance	0.3278346062
20000.0	trace_distance	0.3277706504
20000.0	trace_distance	0.3283658922
20000.0	trace_distance	0.3274099231
20000.0	trace_distance	0.3318994641
40000.0	fidelity1	0.7816966772
40000.0	fidelity1	0.7817253470
40000.0	fidelity1	0.7816480398
40000.0	fidelity1	0.7817448378
40000.0	fidelity1	0.7813601494
40000.0	fidelity1	0.7817437053
40000.0	fidelity1	0.7816917896
40000.0	fidelity1	0.7813894749
40000.0	fidelity1	0.7814782858
40000.0	fidelity1	0.7815853953
40000.0	fidelity1	0.7814230919
40000.0	fidelity1	0.7816952467
40000.0	fidelity1	0.7816914916
40000.0	fidelity1	0.7817492485
40000.0	fidelity1	0.7817518711
40000.0	fidelity1	0.7815691829
40000.0	fidelity1	0.7815480232
40000.0	fidelity1	0.7816621661
40000.0	fidelity1	0.7816848755
40000.0	fidelity1	0.7814988494
40000.0	fidelity1	0.7815599442
40000.0	fidelity1	0.7817353010
40000.0	fidelity1	0.7813412547
40000.0	fidelity1	0.7817339897
40000.0	fidelity1	0.7814623713
40000.0	fidelity1	0.7817379832
40000.0	fidelity1	0.7817414999
40000.0	fidelity1	0.7814249396
40000.0	fidelity1	0.7817006111
40000.0	fidelity1	0.7817208171
40000.0	fidelity1	0.7814284563
40000.0	fidelity1	0.7812969685
40000.0	fidelity1	0.7817284465
40000.0	fidelity1	0.7802097201
40000.0	fidelity1	0.7813851833
40000.0	fidelity1	0.7813283801
40000.0	fidelity1	0.7816275358
40000.0	fidelity1	0.7809427977
40000.0	fidelity1	0.7816766500
40000.0	fidelity1	0.7817249298
40000.0	fidelity1	0.7814680934
40000.0	fidelity1	0.7816638350
40000.0	fidelity1	0.7816111445
40000.0	fidelity1	0.7816432714
40000.0	fidelity1	0.7816836834
40000.0	fidelity1	0.7816211581
40000.0	fidelity1	0.7814218998
40000.0	fidelity1	0.7810106277
40000.0	fidelity1	0.7817515135
40000.0	fidelity1	0.7817397118
40000.0	fidelity1	0.7817391157
40000.0	fidelity1	0.7817584872
40000.0	fidelity1	0.7810618281
40000.0	fidelity1	0.7817134857
40000.0	fidelity1	0.7817109823
40000.0	fidelity1	0.7817564011
40000.0	fidelity1	0.7817566395
40000.0	fidelity1	0.7816209793
40000.0	fidelity1	0.7817416191
40000.0	fidelity1	0.7815065384
40000.0	fidelity1	0.7814195156
40000.0	fidelity1	0.7816550136
40000.0	fidelity1	0.7812754512
40000.0	fidelity1	0.7812525630
40000.0	fidelity1	0.7814538479
40000.0	fidelity1	0.7813572288
40000.0	fidelity1	0.7817330360
40000.0	fidelity1	0.7813234329
40000.0	fidelity1	0.7809168696
40000.0	fidelity1	0.7817579508
40000.0	fidelity1	0.7816492915
40000.0	fidelity1	0.7815446854
40000.0	fidelity1	0.7815092802
40000.0	fidelity1	0.7817317843
40000.0	fidelity1	0.7809532881
40000.0	fidelity1	0.7817199230
40000.0	fidelity1	0.7815221548
40000.0	fidelity1	0.7817580104
40000.0	fidelity1	0.7816569209
40000.0	fidelity1	0.7817578316
40000.0	fidelity1	0.7815939188
40000.0	fidelity1	0.7816866636
40000.0	fidelity1	0.7816828489
40000.0	fidelity1	0.7816308737
40000.0	fidelity1	0.7816861868
40000.0	fidelity1	0.7816020250
40000.0	fidelity1	0.7817370296
40000.0	fidelity1	0.7816635966
40000.0	fidelity1	0.7815650702
40000.0	fidelity1	0.7817465663
40000.0	fidelity1	0.7817578316
40000.0	fidelity1	0.7815593481
40000.0	fidelity1	0.7817565799
40000.0	fidelity1	0.7815698385
40000.0	fidelity1	0.7817115188
40000.0	fidelity1	0.7817375064
40000.0	fidelity1	0.7811359167
40000.0	fidelity1	0.7812360525
40000.0	fidelity1	0.7817581892
40000.0	fidelity1	0.7815970778
40000.0	trace_distance	0.3275052905
40000.0	trace_distance	0.3274381757
40000.0	trace_distance	0.3276153207
40000.0	trace_distance	0.3273890615
40000.0	trace_distance	0.3282751143
40000.0	trace_distance	0.3273960054
40000.0	trace_distance	0.3275151849
40000.0	trace_distance	0.3282082081
40000.0	trace_distance	0.3280037045
40000.0	trace_distance	0.3277585506
40000.0	trace_distance	0.3281297684
40000.0	trace_distance	0.3275071084
40000.0	trace_distance	0.3275154829
40000.0	trace_distance	0.3273832202
40000.0	trace_distance	0.3273769915
40000.0	trace_distance	0.3277962208
40000.0	trace_distance	0.3278439045
40000.0	trace_distance	0.3275829852
40000.0	trace_distance	0.3275309205
40000.0	trace_distance	0.3279603720
40000.0	trace_distance	0.3278169334
40000.0	trace_distance	0.3274123073
40000.0	trace_distance	0.3283169866
40000.0	trace_distance	0.3274201751
40000.0	trace_distance	0.3280402720
40000.0	trace_distance	0.3274089098
40000.0	trace_distance	0.3274015784
40000.0	trace_distance	0.3281233311
40000.0	trace_distance	0.3274946809
40000.0	trace_distance	0.3274481297
40000.0	trace_distance	0.3281168044
40000.0	trace_distance	0.3284178078
40000.0	trace_distance	0.3274311721
40000.0	trace_distance	0.3308913112
40000.0	trace_distance	0.3282136917
40000.0	trace_distance	0.3283460736
40000.0	trace_distance	0.3276577592
40000.0	trace_distance	0.3292259574
40000.0	trace_distance	0.3275497258
40000.0	trace_distance	0.3274409175
40000.0	trace_distance	0.3280283213
40000.0	trace_distance	0.3275788426
40000.0	trace_distance	0.3277010918
40000.0	trace_distance	0.3276259899
40000.0	trace_distance	0.3275327086
40000.0	trace_distance	0.3276771009
40000.0	trace_distance	0.3281341493
40000.0	trace_distance	0.3290689588
40000.0	trace_distance	0.3273810744
40000.0	trace_distance	0.3274050951
40000.0	trace_distance	0.3274072111
40000.0	trace_distance	0.3273633122
40000.0	trace_distance	0.3289553523
40000.0	trace_distance	0.3274667859
40000.0	trace_distance	0.3274713159
40000.0	trace_distance	0.3273666799
40000.0	trace_distance	0.3273664415
40000.0	trace_distance	0.3276773095
40000.0	trace_distance	0.3274010420
40000.0	trace_distance	0.3279391229
40000.0	trace_distance	0.3281376958
40000.0	trace_distance	0.3275990486
40000.0	trace_distance	0.3284667134
40000.0	trace_distance	0.3285191655
40000.0	trace_distance	0.3280570805
40000.0	trace_distance	0.3282824159
40000.0	trace_distance	0.3274205029
40000.0	trace_distance	0.3283571601
40000.0	trace_distance	0.3292841315
40000.0	trace_distance	0.3273636103
40000.0	trace_distance	0.3276119828
40000.0	trace_distance	0.3278520107
40000.0	trace_distance	0.3279323876
40000.0	trace_distance	0.3274236023
40000.0	trace_distance	0.3292019963
40000.0	trace_distance	0.3274543881
40000.0	trace_distance	0.3279035687
40000.0	trace_distance	0.3273635805
40000.0	trace_distance	0.3275947571
40000.0	trace_distance	0.3273637593
40000.0	trace_distance	0.3277428746
40000.0	trace_distance	0.3275269866
40000.0	trace_distance	0.3275354803
40000.0	trace_distance	0.3276542723
40000.0	trace_distance	0.3275276423
40000.0	trace_distance	0.3277209997
40000.0	trace_distance	0.3274116516
40000.0	trace_distance	0.3275767863
40000.0	trace_distance	0.3278050423
40000.0	trace_distance	0.3273895383
40000.0	trace_distance	0.3273632526
40000.0	trace_distance	0.3278183043
40000.0	trace_distance	0.3273683190
40000.0	trace_distance	0.3277943432
40000.0	trace_distance	0.3274708390
40000.0	trace_distance	0.3274100423
40000.0	trace_distance	0.3287863433
40000.0	trace_distance	0.3285572231
40000.0	trace_distance	0.3273630738
40000.0	trace_distance	0.3277327418
average_flux	fidelity1	0.8841501474
average_flux	trace_distance	0.1737737358
